condition,site,wildtype,mutation,mut_escape,site_total_escape,site_max_escape
S2K146 - BA2,331,N,A,0.004818,0.0763,0.01147
S2K146 - BA2,331,N,D,0.00492,0.0763,0.01147
S2K146 - BA2,331,N,E,0.01147,0.0763,0.01147
S2K146 - BA2,331,N,G,0.005788,0.0763,0.01147
S2K146 - BA2,331,N,H,0.006622,0.0763,0.01147
S2K146 - BA2,331,N,K,0.004367,0.0763,0.01147
S2K146 - BA2,331,N,M,0.005158,0.0763,0.01147
S2K146 - BA2,331,N,P,0.008619,0.0763,0.01147
S2K146 - BA2,331,N,Q,0.00557,0.0763,0.01147
S2K146 - BA2,331,N,R,0.0048,0.0763,0.01147
S2K146 - BA2,331,N,S,0.004902,0.0763,0.01147
S2K146 - BA2,331,N,T,0.004964,0.0763,0.01147
S2K146 - BA2,331,N,V,0.004305,0.0763,0.01147
S2K146 - BA2,332,I,A,0.004777,0.1127,0.00877
S2K146 - BA2,332,I,C,0.004964,0.1127,0.00877
S2K146 - BA2,332,I,D,0.005718,0.1127,0.00877
S2K146 - BA2,332,I,E,0.007981,0.1127,0.00877
S2K146 - BA2,332,I,F,0.006476,0.1127,0.00877
S2K146 - BA2,332,I,G,0.00877,0.1127,0.00877
S2K146 - BA2,332,I,H,0.005813,0.1127,0.00877
S2K146 - BA2,332,I,K,0.006343,0.1127,0.00877
S2K146 - BA2,332,I,L,0.005438,0.1127,0.00877
S2K146 - BA2,332,I,M,0.004898,0.1127,0.00877
S2K146 - BA2,332,I,N,0.006581,0.1127,0.00877
S2K146 - BA2,332,I,P,0.005288,0.1127,0.00877
S2K146 - BA2,332,I,Q,0.006209,0.1127,0.00877
S2K146 - BA2,332,I,R,0.004953,0.1127,0.00877
S2K146 - BA2,332,I,S,0.006052,0.1127,0.00877
S2K146 - BA2,332,I,T,0.007816,0.1127,0.00877
S2K146 - BA2,332,I,V,0.004756,0.1127,0.00877
S2K146 - BA2,332,I,W,0.00506,0.1127,0.00877
S2K146 - BA2,332,I,Y,0.004845,0.1127,0.00877
S2K146 - BA2,333,T,A,0.00468,0.07913,0.007005
S2K146 - BA2,333,T,D,0.006313,0.07913,0.007005
S2K146 - BA2,333,T,E,0.007005,0.07913,0.007005
S2K146 - BA2,333,T,G,0.004967,0.07913,0.007005
S2K146 - BA2,333,T,H,0.005855,0.07913,0.007005
S2K146 - BA2,333,T,K,0.004647,0.07913,0.007005
S2K146 - BA2,333,T,L,0.004747,0.07913,0.007005
S2K146 - BA2,333,T,M,0.005025,0.07913,0.007005
S2K146 - BA2,333,T,N,0.005227,0.07913,0.007005
S2K146 - BA2,333,T,P,0.004781,0.07913,0.007005
S2K146 - BA2,333,T,Q,0.00567,0.07913,0.007005
S2K146 - BA2,333,T,R,0.005315,0.07913,0.007005
S2K146 - BA2,333,T,S,0.004512,0.07913,0.007005
S2K146 - BA2,333,T,V,0.004895,0.07913,0.007005
S2K146 - BA2,333,T,Y,0.005488,0.07913,0.007005
S2K146 - BA2,334,N,A,0.007447,0.1096,0.009623
S2K146 - BA2,334,N,C,0.007412,0.1096,0.009623
S2K146 - BA2,334,N,D,0.00492,0.1096,0.009623
S2K146 - BA2,334,N,E,0.005838,0.1096,0.009623
S2K146 - BA2,334,N,F,0.005183,0.1096,0.009623
S2K146 - BA2,334,N,G,0.005121,0.1096,0.009623
S2K146 - BA2,334,N,H,0.004886,0.1096,0.009623
S2K146 - BA2,334,N,I,0.0081,0.1096,0.009623
S2K146 - BA2,334,N,K,0.005587,0.1096,0.009623
S2K146 - BA2,334,N,L,0.009623,0.1096,0.009623
S2K146 - BA2,334,N,M,0.004828,0.1096,0.009623
S2K146 - BA2,334,N,P,0.006421,0.1096,0.009623
S2K146 - BA2,334,N,Q,0.004856,0.1096,0.009623
S2K146 - BA2,334,N,R,0.005591,0.1096,0.009623
S2K146 - BA2,334,N,S,0.005389,0.1096,0.009623
S2K146 - BA2,334,N,T,0.006354,0.1096,0.009623
S2K146 - BA2,334,N,V,0.005859,0.1096,0.009623
S2K146 - BA2,334,N,Y,0.006206,0.1096,0.009623
S2K146 - BA2,335,L,A,0.005532,0.1161,0.01308
S2K146 - BA2,335,L,C,0.005943,0.1161,0.01308
S2K146 - BA2,335,L,D,0.004655,0.1161,0.01308
S2K146 - BA2,335,L,E,0.005723,0.1161,0.01308
S2K146 - BA2,335,L,F,0.005257,0.1161,0.01308
S2K146 - BA2,335,L,G,0.004146,0.1161,0.01308
S2K146 - BA2,335,L,H,0.004459,0.1161,0.01308
S2K146 - BA2,335,L,I,0.007434,0.1161,0.01308
S2K146 - BA2,335,L,K,0.01308,0.1161,0.01308
S2K146 - BA2,335,L,M,0.006021,0.1161,0.01308
S2K146 - BA2,335,L,N,0.003882,0.1161,0.01308
S2K146 - BA2,335,L,P,0.008421,0.1161,0.01308
S2K146 - BA2,335,L,Q,0.004929,0.1161,0.01308
S2K146 - BA2,335,L,R,0.009022,0.1161,0.01308
S2K146 - BA2,335,L,S,0.006087,0.1161,0.01308
S2K146 - BA2,335,L,T,0.004421,0.1161,0.01308
S2K146 - BA2,335,L,V,0.007205,0.1161,0.01308
S2K146 - BA2,335,L,W,0.005075,0.1161,0.01308
S2K146 - BA2,335,L,Y,0.00484,0.1161,0.01308
S2K146 - BA2,337,P,A,0.004641,0.09954,0.01449
S2K146 - BA2,337,P,C,0.004786,0.09954,0.01449
S2K146 - BA2,337,P,D,0.005268,0.09954,0.01449
S2K146 - BA2,337,P,E,0.006102,0.09954,0.01449
S2K146 - BA2,337,P,G,0.005863,0.09954,0.01449
S2K146 - BA2,337,P,H,0.005434,0.09954,0.01449
S2K146 - BA2,337,P,I,0.004748,0.09954,0.01449
S2K146 - BA2,337,P,K,0.006854,0.09954,0.01449
S2K146 - BA2,337,P,L,0.005173,0.09954,0.01449
S2K146 - BA2,337,P,M,0.007311,0.09954,0.01449
S2K146 - BA2,337,P,N,0.004752,0.09954,0.01449
S2K146 - BA2,337,P,Q,0.00543,0.09954,0.01449
S2K146 - BA2,337,P,R,0.01449,0.09954,0.01449
S2K146 - BA2,337,P,S,0.004869,0.09954,0.01449
S2K146 - BA2,337,P,T,0.008027,0.09954,0.01449
S2K146 - BA2,337,P,V,0.005796,0.09954,0.01449
S2K146 - BA2,338,F,I,0.006009,0.04686,0.02254
S2K146 - BA2,338,F,L,0.02254,0.04686,0.02254
S2K146 - BA2,338,F,W,0.01831,0.04686,0.02254
S2K146 - BA2,339,D,A,0.00634,0.1229,0.01298
S2K146 - BA2,339,D,E,0.00504,0.1229,0.01298
S2K146 - BA2,339,D,F,0.00489,0.1229,0.01298
S2K146 - BA2,339,D,G,0.007195,0.1229,0.01298
S2K146 - BA2,339,D,H,0.006528,0.1229,0.01298
S2K146 - BA2,339,D,I,0.006544,0.1229,0.01298
S2K146 - BA2,339,D,K,0.007161,0.1229,0.01298
S2K146 - BA2,339,D,L,0.005684,0.1229,0.01298
S2K146 - BA2,339,D,M,0.005704,0.1229,0.01298
S2K146 - BA2,339,D,N,0.009574,0.1229,0.01298
S2K146 - BA2,339,D,P,0.007301,0.1229,0.01298
S2K146 - BA2,339,D,Q,0.005393,0.1229,0.01298
S2K146 - BA2,339,D,R,0.01298,0.1229,0.01298
S2K146 - BA2,339,D,S,0.005988,0.1229,0.01298
S2K146 - BA2,339,D,T,0.007818,0.1229,0.01298
S2K146 - BA2,339,D,V,0.005692,0.1229,0.01298
S2K146 - BA2,339,D,W,0.007149,0.1229,0.01298
S2K146 - BA2,339,D,Y,0.005958,0.1229,0.01298
S2K146 - BA2,340,E,A,0.005129,0.07006,0.01631
S2K146 - BA2,340,E,D,0.006584,0.07006,0.01631
S2K146 - BA2,340,E,K,0.004264,0.07006,0.01631
S2K146 - BA2,340,E,L,0.00854,0.07006,0.01631
S2K146 - BA2,340,E,M,0.005511,0.07006,0.01631
S2K146 - BA2,340,E,Q,0.005279,0.07006,0.01631
S2K146 - BA2,340,E,R,0.004596,0.07006,0.01631
S2K146 - BA2,340,E,S,0.01631,0.07006,0.01631
S2K146 - BA2,340,E,T,0.004974,0.07006,0.01631
S2K146 - BA2,340,E,V,0.008872,0.07006,0.01631
S2K146 - BA2,341,V,I,0.005067,0.01506,0.009989
S2K146 - BA2,341,V,L,0.009989,0.01506,0.009989
S2K146 - BA2,342,F,L,0.003959,0.009874,0.005915
S2K146 - BA2,342,F,M,0.005915,0.009874,0.005915
S2K146 - BA2,343,N,G,0.006671,0.006671,0.006671
S2K146 - BA2,344,A,E,0.007778,0.04825,0.01669
S2K146 - BA2,344,A,K,0.005671,0.04825,0.01669
S2K146 - BA2,344,A,N,0.004568,0.04825,0.01669
S2K146 - BA2,344,A,Q,0.01669,0.04825,0.01669
S2K146 - BA2,344,A,R,0.005853,0.04825,0.01669
S2K146 - BA2,344,A,S,0.007685,0.04825,0.01669
S2K146 - BA2,345,T,A,0.005713,0.05501,0.007806
S2K146 - BA2,345,T,D,0.004313,0.05501,0.007806
S2K146 - BA2,345,T,E,0.005409,0.05501,0.007806
S2K146 - BA2,345,T,H,0.005936,0.05501,0.007806
S2K146 - BA2,345,T,K,0.004751,0.05501,0.007806
S2K146 - BA2,345,T,N,0.005032,0.05501,0.007806
S2K146 - BA2,345,T,P,0.005505,0.05501,0.007806
S2K146 - BA2,345,T,Q,0.004733,0.05501,0.007806
S2K146 - BA2,345,T,R,0.005813,0.05501,0.007806
S2K146 - BA2,345,T,S,0.007806,0.05501,0.007806
S2K146 - BA2,346,R,A,0.00435,0.1061,0.01139
S2K146 - BA2,346,R,C,0.004648,0.1061,0.01139
S2K146 - BA2,346,R,D,0.004534,0.1061,0.01139
S2K146 - BA2,346,R,E,0.006308,0.1061,0.01139
S2K146 - BA2,346,R,F,0.006271,0.1061,0.01139
S2K146 - BA2,346,R,G,0.005418,0.1061,0.01139
S2K146 - BA2,346,R,H,0.005572,0.1061,0.01139
S2K146 - BA2,346,R,I,0.004968,0.1061,0.01139
S2K146 - BA2,346,R,K,0.005658,0.1061,0.01139
S2K146 - BA2,346,R,L,0.008015,0.1061,0.01139
S2K146 - BA2,346,R,M,0.005316,0.1061,0.01139
S2K146 - BA2,346,R,N,0.006702,0.1061,0.01139
S2K146 - BA2,346,R,Q,0.005604,0.1061,0.01139
S2K146 - BA2,346,R,S,0.01139,0.1061,0.01139
S2K146 - BA2,346,R,T,0.004656,0.1061,0.01139
S2K146 - BA2,346,R,V,0.004967,0.1061,0.01139
S2K146 - BA2,346,R,W,0.007097,0.1061,0.01139
S2K146 - BA2,346,R,Y,0.004657,0.1061,0.01139
S2K146 - BA2,347,F,W,0.004372,0.004372,0.004372
S2K146 - BA2,348,A,D,0.005837,0.0678,0.009348
S2K146 - BA2,348,A,E,0.009348,0.0678,0.009348
S2K146 - BA2,348,A,G,0.004988,0.0678,0.009348
S2K146 - BA2,348,A,H,0.005606,0.0678,0.009348
S2K146 - BA2,348,A,K,0.004095,0.0678,0.009348
S2K146 - BA2,348,A,N,0.005485,0.0678,0.009348
S2K146 - BA2,348,A,P,0.009025,0.0678,0.009348
S2K146 - BA2,348,A,Q,0.004923,0.0678,0.009348
S2K146 - BA2,348,A,R,0.00833,0.0678,0.009348
S2K146 - BA2,348,A,S,0.005283,0.0678,0.009348
S2K146 - BA2,348,A,Y,0.004885,0.0678,0.009348
S2K146 - BA2,349,S,A,0.006513,0.03552,0.0132
S2K146 - BA2,349,S,D,0.005419,0.03552,0.0132
S2K146 - BA2,349,S,H,0.005093,0.03552,0.0132
S2K146 - BA2,349,S,N,0.0132,0.03552,0.0132
S2K146 - BA2,349,S,P,0.005294,0.03552,0.0132
S2K146 - BA2,350,V,I,0.00742,0.02165,0.01423
S2K146 - BA2,350,V,P,0.01423,0.02165,0.01423
S2K146 - BA2,351,Y,F,0.005781,0.03148,0.01263
S2K146 - BA2,351,Y,H,0.01263,0.03148,0.01263
S2K146 - BA2,351,Y,V,0.007639,0.03148,0.01263
S2K146 - BA2,351,Y,W,0.005428,0.03148,0.01263
S2K146 - BA2,352,A,C,0.01193,0.1012,0.01423
S2K146 - BA2,352,A,D,0.007012,0.1012,0.01423
S2K146 - BA2,352,A,E,0.005245,0.1012,0.01423
S2K146 - BA2,352,A,G,0.01043,0.1012,0.01423
S2K146 - BA2,352,A,H,0.005238,0.1012,0.01423
S2K146 - BA2,352,A,K,0.01423,0.1012,0.01423
S2K146 - BA2,352,A,M,0.007522,0.1012,0.01423
S2K146 - BA2,352,A,N,0.0119,0.1012,0.01423
S2K146 - BA2,352,A,Q,0.007651,0.1012,0.01423
S2K146 - BA2,352,A,R,0.005077,0.1012,0.01423
S2K146 - BA2,352,A,S,0.004516,0.1012,0.01423
S2K146 - BA2,352,A,T,0.004464,0.1012,0.01423
S2K146 - BA2,352,A,Y,0.006041,0.1012,0.01423
S2K146 - BA2,353,W,F,0.01,0.02949,0.01949
S2K146 - BA2,353,W,Y,0.01949,0.02949,0.01949
S2K146 - BA2,354,N,A,0.008045,0.07837,0.01055
S2K146 - BA2,354,N,D,0.005774,0.07837,0.01055
S2K146 - BA2,354,N,E,0.004508,0.07837,0.01055
S2K146 - BA2,354,N,G,0.006284,0.07837,0.01055
S2K146 - BA2,354,N,H,0.00708,0.07837,0.01055
S2K146 - BA2,354,N,K,0.008962,0.07837,0.01055
S2K146 - BA2,354,N,Q,0.01055,0.07837,0.01055
S2K146 - BA2,354,N,R,0.005098,0.07837,0.01055
S2K146 - BA2,354,N,S,0.01034,0.07837,0.01055
S2K146 - BA2,354,N,T,0.004788,0.07837,0.01055
S2K146 - BA2,354,N,V,0.006947,0.07837,0.01055
S2K146 - BA2,356,K,A,0.005645,0.06819,0.01026
S2K146 - BA2,356,K,H,0.004728,0.06819,0.01026
S2K146 - BA2,356,K,I,0.004863,0.06819,0.01026
S2K146 - BA2,356,K,L,0.005703,0.06819,0.01026
S2K146 - BA2,356,K,M,0.004435,0.06819,0.01026
S2K146 - BA2,356,K,Q,0.007031,0.06819,0.01026
S2K146 - BA2,356,K,R,0.01026,0.06819,0.01026
S2K146 - BA2,356,K,S,0.007709,0.06819,0.01026
S2K146 - BA2,356,K,T,0.00562,0.06819,0.01026
S2K146 - BA2,356,K,V,0.006845,0.06819,0.01026
S2K146 - BA2,356,K,Y,0.005348,0.06819,0.01026
S2K146 - BA2,357,R,A,0.005004,0.1191,0.02524
S2K146 - BA2,357,R,C,0.004452,0.1191,0.02524
S2K146 - BA2,357,R,D,0.02524,0.1191,0.02524
S2K146 - BA2,357,R,E,0.004973,0.1191,0.02524
S2K146 - BA2,357,R,F,0.005145,0.1191,0.02524
S2K146 - BA2,357,R,H,0.005778,0.1191,0.02524
S2K146 - BA2,357,R,I,0.005331,0.1191,0.02524
S2K146 - BA2,357,R,K,0.006376,0.1191,0.02524
S2K146 - BA2,357,R,L,0.01022,0.1191,0.02524
S2K146 - BA2,357,R,M,0.0113,0.1191,0.02524
S2K146 - BA2,357,R,N,0.004608,0.1191,0.02524
S2K146 - BA2,357,R,P,0.004928,0.1191,0.02524
S2K146 - BA2,357,R,Q,0.004967,0.1191,0.02524
S2K146 - BA2,357,R,S,0.005705,0.1191,0.02524
S2K146 - BA2,357,R,T,0.004804,0.1191,0.02524
S2K146 - BA2,357,R,V,0.005148,0.1191,0.02524
S2K146 - BA2,357,R,Y,0.005106,0.1191,0.02524
S2K146 - BA2,358,I,F,0.006876,0.03049,0.006876
S2K146 - BA2,358,I,L,0.005946,0.03049,0.006876
S2K146 - BA2,358,I,M,0.006327,0.03049,0.006876
S2K146 - BA2,358,I,W,0.005617,0.03049,0.006876
S2K146 - BA2,358,I,Y,0.005727,0.03049,0.006876
S2K146 - BA2,359,S,A,0.005478,0.1014,0.01139
S2K146 - BA2,359,S,C,0.01046,0.1014,0.01139
S2K146 - BA2,359,S,D,0.0056,0.1014,0.01139
S2K146 - BA2,359,S,E,0.00653,0.1014,0.01139
S2K146 - BA2,359,S,F,0.004881,0.1014,0.01139
S2K146 - BA2,359,S,G,0.004036,0.1014,0.01139
S2K146 - BA2,359,S,H,0.004999,0.1014,0.01139
S2K146 - BA2,359,S,I,0.004803,0.1014,0.01139
S2K146 - BA2,359,S,K,0.005046,0.1014,0.01139
S2K146 - BA2,359,S,M,0.006093,0.1014,0.01139
S2K146 - BA2,359,S,N,0.005225,0.1014,0.01139
S2K146 - BA2,359,S,P,0.004722,0.1014,0.01139
S2K146 - BA2,359,S,Q,0.005758,0.1014,0.01139
S2K146 - BA2,359,S,R,0.004132,0.1014,0.01139
S2K146 - BA2,359,S,T,0.01139,0.1014,0.01139
S2K146 - BA2,359,S,V,0.00642,0.1014,0.01139
S2K146 - BA2,359,S,Y,0.005843,0.1014,0.01139
S2K146 - BA2,360,N,A,0.005971,0.03913,0.009539
S2K146 - BA2,360,N,D,0.006315,0.03913,0.009539
S2K146 - BA2,360,N,E,0.007151,0.03913,0.009539
S2K146 - BA2,360,N,G,0.009539,0.03913,0.009539
S2K146 - BA2,360,N,H,0.005055,0.03913,0.009539
S2K146 - BA2,360,N,S,0.005095,0.03913,0.009539
S2K146 - BA2,362,V,A,0.004081,0.1018,0.01736
S2K146 - BA2,362,V,C,0.004834,0.1018,0.01736
S2K146 - BA2,362,V,D,0.004221,0.1018,0.01736
S2K146 - BA2,362,V,E,0.005752,0.1018,0.01736
S2K146 - BA2,362,V,F,0.004646,0.1018,0.01736
S2K146 - BA2,362,V,H,0.006259,0.1018,0.01736
S2K146 - BA2,362,V,I,0.003525,0.1018,0.01736
S2K146 - BA2,362,V,K,0.01736,0.1018,0.01736
S2K146 - BA2,362,V,L,0.004964,0.1018,0.01736
S2K146 - BA2,362,V,M,0.004252,0.1018,0.01736
S2K146 - BA2,362,V,N,0.005432,0.1018,0.01736
S2K146 - BA2,362,V,Q,0.008798,0.1018,0.01736
S2K146 - BA2,362,V,R,0.005443,0.1018,0.01736
S2K146 - BA2,362,V,S,0.004474,0.1018,0.01736
S2K146 - BA2,362,V,T,0.006506,0.1018,0.01736
S2K146 - BA2,362,V,W,0.005176,0.1018,0.01736
S2K146 - BA2,362,V,Y,0.006109,0.1018,0.01736
S2K146 - BA2,363,A,C,0.006107,0.0793,0.01075
S2K146 - BA2,363,A,F,0.00461,0.0793,0.01075
S2K146 - BA2,363,A,G,0.005054,0.0793,0.01075
S2K146 - BA2,363,A,I,0.007853,0.0793,0.01075
S2K146 - BA2,363,A,L,0.004802,0.0793,0.01075
S2K146 - BA2,363,A,M,0.005051,0.0793,0.01075
S2K146 - BA2,363,A,P,0.005467,0.0793,0.01075
S2K146 - BA2,363,A,Q,0.005525,0.0793,0.01075
S2K146 - BA2,363,A,S,0.005253,0.0793,0.01075
S2K146 - BA2,363,A,T,0.00552,0.0793,0.01075
S2K146 - BA2,363,A,V,0.01075,0.0793,0.01075
S2K146 - BA2,363,A,W,0.007294,0.0793,0.01075
S2K146 - BA2,363,A,Y,0.006011,0.0793,0.01075
S2K146 - BA2,364,D,L,0.5486,0.5536,0.5486
S2K146 - BA2,364,D,N,0.005014,0.5536,0.5486
S2K146 - BA2,365,Y,A,0.007456,0.07133,0.008552
S2K146 - BA2,365,Y,E,0.004869,0.07133,0.008552
S2K146 - BA2,365,Y,F,0.006277,0.07133,0.008552
S2K146 - BA2,365,Y,G,0.00514,0.07133,0.008552
S2K146 - BA2,365,Y,I,0.004496,0.07133,0.008552
S2K146 - BA2,365,Y,L,0.004899,0.07133,0.008552
S2K146 - BA2,365,Y,M,0.005595,0.07133,0.008552
S2K146 - BA2,365,Y,P,0.005993,0.07133,0.008552
S2K146 - BA2,365,Y,S,0.008552,0.07133,0.008552
S2K146 - BA2,365,Y,T,0.005528,0.07133,0.008552
S2K146 - BA2,365,Y,V,0.007399,0.07133,0.008552
S2K146 - BA2,365,Y,W,0.00513,0.07133,0.008552
S2K146 - BA2,366,S,A,0.004977,0.07272,0.01002
S2K146 - BA2,366,S,D,0.005638,0.07272,0.01002
S2K146 - BA2,366,S,E,0.007966,0.07272,0.01002
S2K146 - BA2,366,S,G,0.005387,0.07272,0.01002
S2K146 - BA2,366,S,H,0.01002,0.07272,0.01002
S2K146 - BA2,366,S,K,0.005124,0.07272,0.01002
S2K146 - BA2,366,S,M,0.008491,0.07272,0.01002
S2K146 - BA2,366,S,N,0.00564,0.07272,0.01002
S2K146 - BA2,366,S,Q,0.005339,0.07272,0.01002
S2K146 - BA2,366,S,R,0.006462,0.07272,0.01002
S2K146 - BA2,366,S,T,0.007672,0.07272,0.01002
S2K146 - BA2,367,V,A,0.007047,0.111,0.01248
S2K146 - BA2,367,V,C,0.006848,0.111,0.01248
S2K146 - BA2,367,V,D,0.005489,0.111,0.01248
S2K146 - BA2,367,V,E,0.007297,0.111,0.01248
S2K146 - BA2,367,V,F,0.006002,0.111,0.01248
S2K146 - BA2,367,V,G,0.004816,0.111,0.01248
S2K146 - BA2,367,V,H,0.00517,0.111,0.01248
S2K146 - BA2,367,V,I,0.005824,0.111,0.01248
S2K146 - BA2,367,V,K,0.006028,0.111,0.01248
S2K146 - BA2,367,V,L,0.007015,0.111,0.01248
S2K146 - BA2,367,V,M,0.005598,0.111,0.01248
S2K146 - BA2,367,V,N,0.01248,0.111,0.01248
S2K146 - BA2,367,V,Q,0.004985,0.111,0.01248
S2K146 - BA2,367,V,R,0.005902,0.111,0.01248
S2K146 - BA2,367,V,S,0.005012,0.111,0.01248
S2K146 - BA2,367,V,T,0.005366,0.111,0.01248
S2K146 - BA2,367,V,W,0.004373,0.111,0.01248
S2K146 - BA2,367,V,Y,0.005726,0.111,0.01248
S2K146 - BA2,368,L,F,0.005478,0.0327,0.01215
S2K146 - BA2,368,L,I,0.008265,0.0327,0.01215
S2K146 - BA2,368,L,M,0.01215,0.0327,0.01215
S2K146 - BA2,368,L,V,0.006806,0.0327,0.01215
S2K146 - BA2,369,Y,A,0.005111,0.121,0.01532
S2K146 - BA2,369,Y,C,0.004281,0.121,0.01532
S2K146 - BA2,369,Y,D,0.005331,0.121,0.01532
S2K146 - BA2,369,Y,E,0.005527,0.121,0.01532
S2K146 - BA2,369,Y,F,0.004742,0.121,0.01532
S2K146 - BA2,369,Y,G,0.005161,0.121,0.01532
S2K146 - BA2,369,Y,H,0.005187,0.121,0.01532
S2K146 - BA2,369,Y,I,0.006665,0.121,0.01532
S2K146 - BA2,369,Y,K,0.006243,0.121,0.01532
S2K146 - BA2,369,Y,L,0.005165,0.121,0.01532
S2K146 - BA2,369,Y,M,0.007585,0.121,0.01532
S2K146 - BA2,369,Y,N,0.00537,0.121,0.01532
S2K146 - BA2,369,Y,P,0.00588,0.121,0.01532
S2K146 - BA2,369,Y,Q,0.00493,0.121,0.01532
S2K146 - BA2,369,Y,R,0.009359,0.121,0.01532
S2K146 - BA2,369,Y,S,0.01532,0.121,0.01532
S2K146 - BA2,369,Y,T,0.00707,0.121,0.01532
S2K146 - BA2,369,Y,V,0.007334,0.121,0.01532
S2K146 - BA2,369,Y,W,0.004738,0.121,0.01532
S2K146 - BA2,370,N,A,0.005255,0.09011,0.01103
S2K146 - BA2,370,N,D,0.01103,0.09011,0.01103
S2K146 - BA2,370,N,E,0.005516,0.09011,0.01103
S2K146 - BA2,370,N,G,0.006153,0.09011,0.01103
S2K146 - BA2,370,N,H,0.005041,0.09011,0.01103
S2K146 - BA2,370,N,K,0.005088,0.09011,0.01103
S2K146 - BA2,370,N,L,0.006165,0.09011,0.01103
S2K146 - BA2,370,N,M,0.008457,0.09011,0.01103
S2K146 - BA2,370,N,P,0.004675,0.09011,0.01103
S2K146 - BA2,370,N,Q,0.006132,0.09011,0.01103
S2K146 - BA2,370,N,R,0.006378,0.09011,0.01103
S2K146 - BA2,370,N,S,0.006108,0.09011,0.01103
S2K146 - BA2,370,N,T,0.005694,0.09011,0.01103
S2K146 - BA2,370,N,Y,0.008424,0.09011,0.01103
S2K146 - BA2,371,F,A,0.007749,0.126,0.01739
S2K146 - BA2,371,F,C,0.005613,0.126,0.01739
S2K146 - BA2,371,F,D,0.004723,0.126,0.01739
S2K146 - BA2,371,F,E,0.0092,0.126,0.01739
S2K146 - BA2,371,F,G,0.005562,0.126,0.01739
S2K146 - BA2,371,F,H,0.006422,0.126,0.01739
S2K146 - BA2,371,F,I,0.006108,0.126,0.01739
S2K146 - BA2,371,F,K,0.006465,0.126,0.01739
S2K146 - BA2,371,F,L,0.004703,0.126,0.01739
S2K146 - BA2,371,F,M,0.005052,0.126,0.01739
S2K146 - BA2,371,F,N,0.004526,0.126,0.01739
S2K146 - BA2,371,F,Q,0.004608,0.126,0.01739
S2K146 - BA2,371,F,R,0.005062,0.126,0.01739
S2K146 - BA2,371,F,S,0.009451,0.126,0.01739
S2K146 - BA2,371,F,T,0.01739,0.126,0.01739
S2K146 - BA2,371,F,V,0.004838,0.126,0.01739
S2K146 - BA2,371,F,W,0.01342,0.126,0.01739
S2K146 - BA2,371,F,Y,0.005116,0.126,0.01739
S2K146 - BA2,372,A,E,0.007713,0.1125,0.01597
S2K146 - BA2,372,A,F,0.006629,0.1125,0.01597
S2K146 - BA2,372,A,G,0.005445,0.1125,0.01597
S2K146 - BA2,372,A,H,0.004982,0.1125,0.01597
S2K146 - BA2,372,A,I,0.004546,0.1125,0.01597
S2K146 - BA2,372,A,K,0.005848,0.1125,0.01597
S2K146 - BA2,372,A,L,0.01044,0.1125,0.01597
S2K146 - BA2,372,A,M,0.00606,0.1125,0.01597
S2K146 - BA2,372,A,N,0.01512,0.1125,0.01597
S2K146 - BA2,372,A,Q,0.005102,0.1125,0.01597
S2K146 - BA2,372,A,R,0.004223,0.1125,0.01597
S2K146 - BA2,372,A,S,0.009215,0.1125,0.01597
S2K146 - BA2,372,A,T,0.004442,0.1125,0.01597
S2K146 - BA2,372,A,V,0.006749,0.1125,0.01597
S2K146 - BA2,372,A,Y,0.01597,0.1125,0.01597
S2K146 - BA2,373,P,A,0.005676,0.07581,0.009171
S2K146 - BA2,373,P,D,0.009171,0.07581,0.009171
S2K146 - BA2,373,P,E,0.004535,0.07581,0.009171
S2K146 - BA2,373,P,G,0.004928,0.07581,0.009171
S2K146 - BA2,373,P,H,0.005548,0.07581,0.009171
S2K146 - BA2,373,P,K,0.008289,0.07581,0.009171
S2K146 - BA2,373,P,N,0.006295,0.07581,0.009171
S2K146 - BA2,373,P,Q,0.005264,0.07581,0.009171
S2K146 - BA2,373,P,R,0.007176,0.07581,0.009171
S2K146 - BA2,373,P,S,0.005134,0.07581,0.009171
S2K146 - BA2,373,P,T,0.007496,0.07581,0.009171
S2K146 - BA2,373,P,Y,0.006303,0.07581,0.009171
S2K146 - BA2,374,F,A,0.004599,0.1211,0.01264
S2K146 - BA2,374,F,C,0.005628,0.1211,0.01264
S2K146 - BA2,374,F,D,0.008464,0.1211,0.01264
S2K146 - BA2,374,F,E,0.00474,0.1211,0.01264
S2K146 - BA2,374,F,G,0.005853,0.1211,0.01264
S2K146 - BA2,374,F,H,0.005519,0.1211,0.01264
S2K146 - BA2,374,F,I,0.004588,0.1211,0.01264
S2K146 - BA2,374,F,K,0.00715,0.1211,0.01264
S2K146 - BA2,374,F,L,0.004916,0.1211,0.01264
S2K146 - BA2,374,F,M,0.007225,0.1211,0.01264
S2K146 - BA2,374,F,N,0.005732,0.1211,0.01264
S2K146 - BA2,374,F,P,0.0046,0.1211,0.01264
S2K146 - BA2,374,F,Q,0.01264,0.1211,0.01264
S2K146 - BA2,374,F,R,0.007174,0.1211,0.01264
S2K146 - BA2,374,F,S,0.005954,0.1211,0.01264
S2K146 - BA2,374,F,T,0.005396,0.1211,0.01264
S2K146 - BA2,374,F,V,0.005189,0.1211,0.01264
S2K146 - BA2,374,F,W,0.005921,0.1211,0.01264
S2K146 - BA2,374,F,Y,0.009779,0.1211,0.01264
S2K146 - BA2,375,F,A,0.005913,0.1238,0.01094
S2K146 - BA2,375,F,C,0.006205,0.1238,0.01094
S2K146 - BA2,375,F,D,0.00665,0.1238,0.01094
S2K146 - BA2,375,F,E,0.006079,0.1238,0.01094
S2K146 - BA2,375,F,G,0.005743,0.1238,0.01094
S2K146 - BA2,375,F,H,0.005539,0.1238,0.01094
S2K146 - BA2,375,F,I,0.01094,0.1238,0.01094
S2K146 - BA2,375,F,K,0.005901,0.1238,0.01094
S2K146 - BA2,375,F,L,0.01015,0.1238,0.01094
S2K146 - BA2,375,F,M,0.005717,0.1238,0.01094
S2K146 - BA2,375,F,N,0.005718,0.1238,0.01094
S2K146 - BA2,375,F,P,0.005988,0.1238,0.01094
S2K146 - BA2,375,F,Q,0.006304,0.1238,0.01094
S2K146 - BA2,375,F,R,0.006394,0.1238,0.01094
S2K146 - BA2,375,F,S,0.005567,0.1238,0.01094
S2K146 - BA2,375,F,T,0.005701,0.1238,0.01094
S2K146 - BA2,375,F,V,0.00542,0.1238,0.01094
S2K146 - BA2,375,F,W,0.007472,0.1238,0.01094
S2K146 - BA2,375,F,Y,0.006396,0.1238,0.01094
S2K146 - BA2,376,A,C,0.007374,0.1035,0.008124
S2K146 - BA2,376,A,D,0.00453,0.1035,0.008124
S2K146 - BA2,376,A,E,0.006791,0.1035,0.008124
S2K146 - BA2,376,A,F,0.005508,0.1035,0.008124
S2K146 - BA2,376,A,G,0.005553,0.1035,0.008124
S2K146 - BA2,376,A,H,0.006529,0.1035,0.008124
S2K146 - BA2,376,A,I,0.005499,0.1035,0.008124
S2K146 - BA2,376,A,K,0.004729,0.1035,0.008124
S2K146 - BA2,376,A,L,0.005249,0.1035,0.008124
S2K146 - BA2,376,A,M,0.005599,0.1035,0.008124
S2K146 - BA2,376,A,N,0.004721,0.1035,0.008124
S2K146 - BA2,376,A,Q,0.004742,0.1035,0.008124
S2K146 - BA2,376,A,R,0.007985,0.1035,0.008124
S2K146 - BA2,376,A,S,0.005446,0.1035,0.008124
S2K146 - BA2,376,A,T,0.005468,0.1035,0.008124
S2K146 - BA2,376,A,V,0.004836,0.1035,0.008124
S2K146 - BA2,376,A,W,0.004815,0.1035,0.008124
S2K146 - BA2,376,A,Y,0.008124,0.1035,0.008124
S2K146 - BA2,377,F,A,0.005134,0.04794,0.009925
S2K146 - BA2,377,F,I,0.004359,0.04794,0.009925
S2K146 - BA2,377,F,L,0.007578,0.04794,0.009925
S2K146 - BA2,377,F,M,0.009925,0.04794,0.009925
S2K146 - BA2,377,F,T,0.004935,0.04794,0.009925
S2K146 - BA2,377,F,V,0.005548,0.04794,0.009925
S2K146 - BA2,377,F,W,0.005565,0.04794,0.009925
S2K146 - BA2,377,F,Y,0.004895,0.04794,0.009925
S2K146 - BA2,378,K,D,0.007709,0.06088,0.01384
S2K146 - BA2,378,K,E,0.004205,0.06088,0.01384
S2K146 - BA2,378,K,H,0.007124,0.06088,0.01384
S2K146 - BA2,378,K,N,0.009569,0.06088,0.01384
S2K146 - BA2,378,K,Q,0.01384,0.06088,0.01384
S2K146 - BA2,378,K,R,0.009581,0.06088,0.01384
S2K146 - BA2,378,K,S,0.004779,0.06088,0.01384
S2K146 - BA2,378,K,T,0.004067,0.06088,0.01384
S2K146 - BA2,380,Y,F,0.007649,0.01224,0.007649
S2K146 - BA2,380,Y,W,0.004596,0.01224,0.007649
S2K146 - BA2,381,G,H,0.004871,0.03163,0.007516
S2K146 - BA2,381,G,K,0.006566,0.03163,0.007516
S2K146 - BA2,381,G,N,0.007516,0.03163,0.007516
S2K146 - BA2,381,G,Q,0.006627,0.03163,0.007516
S2K146 - BA2,381,G,R,0.006049,0.03163,0.007516
S2K146 - BA2,382,V,C,0.01028,0.04137,0.01028
S2K146 - BA2,382,V,F,0.006279,0.04137,0.01028
S2K146 - BA2,382,V,I,0.005975,0.04137,0.01028
S2K146 - BA2,382,V,L,0.007218,0.04137,0.01028
S2K146 - BA2,382,V,M,0.005169,0.04137,0.01028
S2K146 - BA2,382,V,T,0.006445,0.04137,0.01028
S2K146 - BA2,383,S,A,0.004569,0.1053,0.01111
S2K146 - BA2,383,S,C,0.01,0.1053,0.01111
S2K146 - BA2,383,S,D,0.01111,0.1053,0.01111
S2K146 - BA2,383,S,E,0.005585,0.1053,0.01111
S2K146 - BA2,383,S,G,0.006167,0.1053,0.01111
S2K146 - BA2,383,S,H,0.006047,0.1053,0.01111
S2K146 - BA2,383,S,I,0.00477,0.1053,0.01111
S2K146 - BA2,383,S,K,0.005923,0.1053,0.01111
S2K146 - BA2,383,S,L,0.004947,0.1053,0.01111
S2K146 - BA2,383,S,M,0.004826,0.1053,0.01111
S2K146 - BA2,383,S,N,0.005176,0.1053,0.01111
S2K146 - BA2,383,S,P,0.008994,0.1053,0.01111
S2K146 - BA2,383,S,Q,0.006978,0.1053,0.01111
S2K146 - BA2,383,S,R,0.005601,0.1053,0.01111
S2K146 - BA2,383,S,T,0.005164,0.1053,0.01111
S2K146 - BA2,383,S,V,0.004345,0.1053,0.01111
S2K146 - BA2,383,S,Y,0.00511,0.1053,0.01111
S2K146 - BA2,384,P,A,0.005922,0.1233,0.013
S2K146 - BA2,384,P,D,0.008969,0.1233,0.013
S2K146 - BA2,384,P,E,0.013,0.1233,0.013
S2K146 - BA2,384,P,F,0.006587,0.1233,0.013
S2K146 - BA2,384,P,G,0.008398,0.1233,0.013
S2K146 - BA2,384,P,H,0.00501,0.1233,0.013
S2K146 - BA2,384,P,I,0.007675,0.1233,0.013
S2K146 - BA2,384,P,K,0.005728,0.1233,0.013
S2K146 - BA2,384,P,L,0.007669,0.1233,0.013
S2K146 - BA2,384,P,M,0.006955,0.1233,0.013
S2K146 - BA2,384,P,N,0.006469,0.1233,0.013
S2K146 - BA2,384,P,Q,0.005288,0.1233,0.013
S2K146 - BA2,384,P,R,0.005467,0.1233,0.013
S2K146 - BA2,384,P,S,0.006974,0.1233,0.013
S2K146 - BA2,384,P,T,0.004647,0.1233,0.013
S2K146 - BA2,384,P,V,0.006492,0.1233,0.013
S2K146 - BA2,384,P,W,0.00601,0.1233,0.013
S2K146 - BA2,384,P,Y,0.006005,0.1233,0.013
S2K146 - BA2,385,T,A,0.005498,0.1087,0.00905
S2K146 - BA2,385,T,C,0.005296,0.1087,0.00905
S2K146 - BA2,385,T,D,0.005384,0.1087,0.00905
S2K146 - BA2,385,T,E,0.005097,0.1087,0.00905
S2K146 - BA2,385,T,F,0.00389,0.1087,0.00905
S2K146 - BA2,385,T,G,0.005713,0.1087,0.00905
S2K146 - BA2,385,T,H,0.004575,0.1087,0.00905
S2K146 - BA2,385,T,I,0.007603,0.1087,0.00905
S2K146 - BA2,385,T,K,0.00905,0.1087,0.00905
S2K146 - BA2,385,T,L,0.00569,0.1087,0.00905
S2K146 - BA2,385,T,M,0.005867,0.1087,0.00905
S2K146 - BA2,385,T,N,0.005157,0.1087,0.00905
S2K146 - BA2,385,T,P,0.005383,0.1087,0.00905
S2K146 - BA2,385,T,Q,0.005747,0.1087,0.00905
S2K146 - BA2,385,T,R,0.005556,0.1087,0.00905
S2K146 - BA2,385,T,S,0.007871,0.1087,0.00905
S2K146 - BA2,385,T,V,0.00528,0.1087,0.00905
S2K146 - BA2,385,T,W,0.004978,0.1087,0.00905
S2K146 - BA2,385,T,Y,0.005084,0.1087,0.00905
S2K146 - BA2,386,K,A,0.003516,0.09249,0.01079
S2K146 - BA2,386,K,C,0.005916,0.09249,0.01079
S2K146 - BA2,386,K,D,0.004953,0.09249,0.01079
S2K146 - BA2,386,K,E,0.01079,0.09249,0.01079
S2K146 - BA2,386,K,G,0.00482,0.09249,0.01079
S2K146 - BA2,386,K,H,0.005784,0.09249,0.01079
S2K146 - BA2,386,K,I,0.00444,0.09249,0.01079
S2K146 - BA2,386,K,L,0.00664,0.09249,0.01079
S2K146 - BA2,386,K,M,0.004326,0.09249,0.01079
S2K146 - BA2,386,K,N,0.007884,0.09249,0.01079
S2K146 - BA2,386,K,Q,0.006104,0.09249,0.01079
S2K146 - BA2,386,K,R,0.008112,0.09249,0.01079
S2K146 - BA2,386,K,S,0.004953,0.09249,0.01079
S2K146 - BA2,386,K,T,0.008127,0.09249,0.01079
S2K146 - BA2,386,K,V,0.006115,0.09249,0.01079
S2K146 - BA2,387,L,I,0.005213,0.01822,0.00725
S2K146 - BA2,387,L,M,0.005755,0.01822,0.00725
S2K146 - BA2,387,L,W,0.00725,0.01822,0.00725
S2K146 - BA2,388,N,A,0.01031,0.0743,0.01031
S2K146 - BA2,388,N,D,0.005246,0.0743,0.01031
S2K146 - BA2,388,N,E,0.004104,0.0743,0.01031
S2K146 - BA2,388,N,G,0.005784,0.0743,0.01031
S2K146 - BA2,388,N,H,0.006147,0.0743,0.01031
S2K146 - BA2,388,N,K,0.004714,0.0743,0.01031
S2K146 - BA2,388,N,M,0.006394,0.0743,0.01031
S2K146 - BA2,388,N,P,0.005367,0.0743,0.01031
S2K146 - BA2,388,N,Q,0.005625,0.0743,0.01031
S2K146 - BA2,388,N,R,0.005376,0.0743,0.01031
S2K146 - BA2,388,N,S,0.00543,0.0743,0.01031
S2K146 - BA2,388,N,T,0.004756,0.0743,0.01031
S2K146 - BA2,388,N,V,0.005049,0.0743,0.01031
S2K146 - BA2,389,D,A,0.004827,0.07547,0.008822
S2K146 - BA2,389,D,E,0.006108,0.07547,0.008822
S2K146 - BA2,389,D,G,0.005387,0.07547,0.008822
S2K146 - BA2,389,D,H,0.007267,0.07547,0.008822
S2K146 - BA2,389,D,K,0.006929,0.07547,0.008822
S2K146 - BA2,389,D,M,0.005236,0.07547,0.008822
S2K146 - BA2,389,D,N,0.004555,0.07547,0.008822
S2K146 - BA2,389,D,Q,0.008822,0.07547,0.008822
S2K146 - BA2,389,D,R,0.006148,0.07547,0.008822
S2K146 - BA2,389,D,S,0.007008,0.07547,0.008822
S2K146 - BA2,389,D,T,0.007912,0.07547,0.008822
S2K146 - BA2,389,D,Y,0.005267,0.07547,0.008822
S2K146 - BA2,390,L,A,0.005019,0.09678,0.01059
S2K146 - BA2,390,L,C,0.004484,0.09678,0.01059
S2K146 - BA2,390,L,E,0.009023,0.09678,0.01059
S2K146 - BA2,390,L,F,0.005697,0.09678,0.01059
S2K146 - BA2,390,L,G,0.005464,0.09678,0.01059
S2K146 - BA2,390,L,H,0.004011,0.09678,0.01059
S2K146 - BA2,390,L,I,0.005348,0.09678,0.01059
S2K146 - BA2,390,L,K,0.00492,0.09678,0.01059
S2K146 - BA2,390,L,M,0.01052,0.09678,0.01059
S2K146 - BA2,390,L,N,0.005183,0.09678,0.01059
S2K146 - BA2,390,L,Q,0.005232,0.09678,0.01059
S2K146 - BA2,390,L,R,0.01059,0.09678,0.01059
S2K146 - BA2,390,L,S,0.00629,0.09678,0.01059
S2K146 - BA2,390,L,T,0.006068,0.09678,0.01059
S2K146 - BA2,390,L,V,0.004708,0.09678,0.01059
S2K146 - BA2,390,L,Y,0.00422,0.09678,0.01059
S2K146 - BA2,393,T,A,0.006559,0.09876,0.008423
S2K146 - BA2,393,T,C,0.003988,0.09876,0.008423
S2K146 - BA2,393,T,D,0.006789,0.09876,0.008423
S2K146 - BA2,393,T,E,0.007624,0.09876,0.008423
S2K146 - BA2,393,T,G,0.007151,0.09876,0.008423
S2K146 - BA2,393,T,H,0.008423,0.09876,0.008423
S2K146 - BA2,393,T,I,0.004758,0.09876,0.008423
S2K146 - BA2,393,T,K,0.006588,0.09876,0.008423
S2K146 - BA2,393,T,L,0.006385,0.09876,0.008423
S2K146 - BA2,393,T,M,0.00829,0.09876,0.008423
S2K146 - BA2,393,T,N,0.004725,0.09876,0.008423
S2K146 - BA2,393,T,Q,0.004776,0.09876,0.008423
S2K146 - BA2,393,T,R,0.005804,0.09876,0.008423
S2K146 - BA2,393,T,S,0.004847,0.09876,0.008423
S2K146 - BA2,393,T,V,0.006915,0.09876,0.008423
S2K146 - BA2,393,T,Y,0.005141,0.09876,0.008423
S2K146 - BA2,394,N,A,0.004804,0.1208,0.01316
S2K146 - BA2,394,N,C,0.005092,0.1208,0.01316
S2K146 - BA2,394,N,D,0.006709,0.1208,0.01316
S2K146 - BA2,394,N,E,0.005217,0.1208,0.01316
S2K146 - BA2,394,N,F,0.005257,0.1208,0.01316
S2K146 - BA2,394,N,G,0.004796,0.1208,0.01316
S2K146 - BA2,394,N,H,0.004637,0.1208,0.01316
S2K146 - BA2,394,N,I,0.004707,0.1208,0.01316
S2K146 - BA2,394,N,K,0.008545,0.1208,0.01316
S2K146 - BA2,394,N,L,0.01077,0.1208,0.01316
S2K146 - BA2,394,N,M,0.004743,0.1208,0.01316
S2K146 - BA2,394,N,P,0.004529,0.1208,0.01316
S2K146 - BA2,394,N,Q,0.005522,0.1208,0.01316
S2K146 - BA2,394,N,R,0.01316,0.1208,0.01316
S2K146 - BA2,394,N,S,0.006048,0.1208,0.01316
S2K146 - BA2,394,N,T,0.008848,0.1208,0.01316
S2K146 - BA2,394,N,V,0.004014,0.1208,0.01316
S2K146 - BA2,394,N,W,0.008552,0.1208,0.01316
S2K146 - BA2,394,N,Y,0.004871,0.1208,0.01316
S2K146 - BA2,395,V,A,0.01159,0.04985,0.01159
S2K146 - BA2,395,V,C,0.004848,0.04985,0.01159
S2K146 - BA2,395,V,F,0.005694,0.04985,0.01159
S2K146 - BA2,395,V,G,0.005417,0.04985,0.01159
S2K146 - BA2,395,V,I,0.006807,0.04985,0.01159
S2K146 - BA2,395,V,L,0.008784,0.04985,0.01159
S2K146 - BA2,395,V,M,0.006706,0.04985,0.01159
S2K146 - BA2,396,Y,F,0.004786,0.06398,0.01322
S2K146 - BA2,396,Y,H,0.004857,0.06398,0.01322
S2K146 - BA2,396,Y,I,0.01322,0.06398,0.01322
S2K146 - BA2,396,Y,L,0.005946,0.06398,0.01322
S2K146 - BA2,396,Y,M,0.004349,0.06398,0.01322
S2K146 - BA2,396,Y,N,0.005149,0.06398,0.01322
S2K146 - BA2,396,Y,S,0.006096,0.06398,0.01322
S2K146 - BA2,396,Y,T,0.009197,0.06398,0.01322
S2K146 - BA2,396,Y,V,0.005089,0.06398,0.01322
S2K146 - BA2,396,Y,W,0.005288,0.06398,0.01322
S2K146 - BA2,397,A,C,0.004994,0.05026,0.02007
S2K146 - BA2,397,A,I,0.004751,0.05026,0.02007
S2K146 - BA2,397,A,L,0.01565,0.05026,0.02007
S2K146 - BA2,397,A,M,0.02007,0.05026,0.02007
S2K146 - BA2,397,A,V,0.004797,0.05026,0.02007
S2K146 - BA2,399,S,T,0.02385,0.02385,0.02385
S2K146 - BA2,401,V,I,0.01249,0.02679,0.0143
S2K146 - BA2,401,V,T,0.0143,0.02679,0.0143
S2K146 - BA2,402,I,C,0.01338,0.02388,0.01338
S2K146 - BA2,402,I,L,0.005769,0.02388,0.01338
S2K146 - BA2,402,I,V,0.004733,0.02388,0.01338
S2K146 - BA2,403,R,A,0.004956,0.06446,0.009518
S2K146 - BA2,403,R,C,0.004197,0.06446,0.009518
S2K146 - BA2,403,R,D,0.004723,0.06446,0.009518
S2K146 - BA2,403,R,E,0.004167,0.06446,0.009518
S2K146 - BA2,403,R,G,0.004915,0.06446,0.009518
S2K146 - BA2,403,R,K,0.009518,0.06446,0.009518
S2K146 - BA2,403,R,M,0.006543,0.06446,0.009518
S2K146 - BA2,403,R,N,0.004771,0.06446,0.009518
S2K146 - BA2,403,R,P,0.004288,0.06446,0.009518
S2K146 - BA2,403,R,Q,0.005515,0.06446,0.009518
S2K146 - BA2,403,R,S,0.005383,0.06446,0.009518
S2K146 - BA2,403,R,T,0.005485,0.06446,0.009518
S2K146 - BA2,404,G,A,0.006238,0.03252,0.008535
S2K146 - BA2,404,G,E,0.006077,0.03252,0.008535
S2K146 - BA2,404,G,K,0.005056,0.03252,0.008535
S2K146 - BA2,404,G,Q,0.006611,0.03252,0.008535
S2K146 - BA2,404,G,R,0.008535,0.03252,0.008535
S2K146 - BA2,405,N,A,0.005647,0.1052,0.01074
S2K146 - BA2,405,N,C,0.00507,0.1052,0.01074
S2K146 - BA2,405,N,D,0.007879,0.1052,0.01074
S2K146 - BA2,405,N,E,0.00486,0.1052,0.01074
S2K146 - BA2,405,N,F,0.005117,0.1052,0.01074
S2K146 - BA2,405,N,G,0.004816,0.1052,0.01074
S2K146 - BA2,405,N,H,0.00445,0.1052,0.01074
S2K146 - BA2,405,N,I,0.007693,0.1052,0.01074
S2K146 - BA2,405,N,K,0.005232,0.1052,0.01074
S2K146 - BA2,405,N,L,0.005267,0.1052,0.01074
S2K146 - BA2,405,N,M,0.004953,0.1052,0.01074
S2K146 - BA2,405,N,Q,0.006717,0.1052,0.01074
S2K146 - BA2,405,N,R,0.006396,0.1052,0.01074
S2K146 - BA2,405,N,S,0.009869,0.1052,0.01074
S2K146 - BA2,405,N,T,0.006437,0.1052,0.01074
S2K146 - BA2,405,N,V,0.01074,0.1052,0.01074
S2K146 - BA2,405,N,Y,0.004065,0.1052,0.01074
S2K146 - BA2,406,E,D,0.005758,0.01857,0.006484
S2K146 - BA2,406,E,H,0.006333,0.01857,0.006484
S2K146 - BA2,406,E,Q,0.006484,0.01857,0.006484
S2K146 - BA2,407,V,I,0.005617,0.6498,0.6256
S2K146 - BA2,407,V,L,0.005129,0.6498,0.6256
S2K146 - BA2,407,V,M,0.01352,0.6498,0.6256
S2K146 - BA2,407,V,T,0.6256,0.6498,0.6256
S2K146 - BA2,408,S,A,0.01335,0.09498,0.0138
S2K146 - BA2,408,S,C,0.005449,0.09498,0.0138
S2K146 - BA2,408,S,D,0.005127,0.09498,0.0138
S2K146 - BA2,408,S,E,0.00487,0.09498,0.0138
S2K146 - BA2,408,S,G,0.005258,0.09498,0.0138
S2K146 - BA2,408,S,H,0.00493,0.09498,0.0138
S2K146 - BA2,408,S,K,0.004494,0.09498,0.0138
S2K146 - BA2,408,S,M,0.004806,0.09498,0.0138
S2K146 - BA2,408,S,N,0.005077,0.09498,0.0138
S2K146 - BA2,408,S,P,0.0138,0.09498,0.0138
S2K146 - BA2,408,S,Q,0.005488,0.09498,0.0138
S2K146 - BA2,408,S,R,0.005359,0.09498,0.0138
S2K146 - BA2,408,S,T,0.005337,0.09498,0.0138
S2K146 - BA2,408,S,V,0.004824,0.09498,0.0138
S2K146 - BA2,408,S,Y,0.006814,0.09498,0.0138
S2K146 - BA2,409,Q,E,0.00694,0.00694,0.00694
S2K146 - BA2,410,I,V,0.004262,0.004262,0.004262
S2K146 - BA2,411,A,G,0.005896,0.01721,0.00642
S2K146 - BA2,411,A,Q,0.00489,0.01721,0.00642
S2K146 - BA2,411,A,R,0.00642,0.01721,0.00642
S2K146 - BA2,413,G,A,0.005755,0.06541,0.007643
S2K146 - BA2,413,G,C,0.004816,0.06541,0.007643
S2K146 - BA2,413,G,F,0.007643,0.06541,0.007643
S2K146 - BA2,413,G,H,0.00491,0.06541,0.007643
S2K146 - BA2,413,G,K,0.005203,0.06541,0.007643
S2K146 - BA2,413,G,L,0.005128,0.06541,0.007643
S2K146 - BA2,413,G,M,0.006254,0.06541,0.007643
S2K146 - BA2,413,G,N,0.004309,0.06541,0.007643
S2K146 - BA2,413,G,Q,0.004523,0.06541,0.007643
S2K146 - BA2,413,G,R,0.007212,0.06541,0.007643
S2K146 - BA2,413,G,S,0.005185,0.06541,0.007643
S2K146 - BA2,413,G,Y,0.004476,0.06541,0.007643
S2K146 - BA2,414,Q,A,0.004811,0.05447,0.009186
S2K146 - BA2,414,Q,E,0.005645,0.05447,0.009186
S2K146 - BA2,414,Q,G,0.009186,0.05447,0.009186
S2K146 - BA2,414,Q,K,0.005173,0.05447,0.009186
S2K146 - BA2,414,Q,M,0.005069,0.05447,0.009186
S2K146 - BA2,414,Q,R,0.005235,0.05447,0.009186
S2K146 - BA2,414,Q,S,0.005576,0.05447,0.009186
S2K146 - BA2,414,Q,T,0.006892,0.05447,0.009186
S2K146 - BA2,414,Q,V,0.006882,0.05447,0.009186
S2K146 - BA2,415,T,A,0.01114,0.0866,0.01114
S2K146 - BA2,415,T,C,0.004182,0.0866,0.01114
S2K146 - BA2,415,T,D,0.006382,0.0866,0.01114
S2K146 - BA2,415,T,E,0.006053,0.0866,0.01114
S2K146 - BA2,415,T,G,0.004399,0.0866,0.01114
S2K146 - BA2,415,T,H,0.006976,0.0866,0.01114
S2K146 - BA2,415,T,I,0.004916,0.0866,0.01114
S2K146 - BA2,415,T,K,0.004856,0.0866,0.01114
S2K146 - BA2,415,T,M,0.004718,0.0866,0.01114
S2K146 - BA2,415,T,N,0.009099,0.0866,0.01114
S2K146 - BA2,415,T,Q,0.005223,0.0866,0.01114
S2K146 - BA2,415,T,R,0.006321,0.0866,0.01114
S2K146 - BA2,415,T,S,0.004686,0.0866,0.01114
S2K146 - BA2,415,T,V,0.007643,0.0866,0.01114
S2K146 - BA2,417,N,A,0.005176,0.1298,0.01281
S2K146 - BA2,417,N,C,0.005578,0.1298,0.01281
S2K146 - BA2,417,N,D,0.006403,0.1298,0.01281
S2K146 - BA2,417,N,E,0.00626,0.1298,0.01281
S2K146 - BA2,417,N,F,0.005404,0.1298,0.01281
S2K146 - BA2,417,N,G,0.005215,0.1298,0.01281
S2K146 - BA2,417,N,H,0.006044,0.1298,0.01281
S2K146 - BA2,417,N,I,0.006652,0.1298,0.01281
S2K146 - BA2,417,N,K,0.005435,0.1298,0.01281
S2K146 - BA2,417,N,L,0.00519,0.1298,0.01281
S2K146 - BA2,417,N,M,0.006442,0.1298,0.01281
S2K146 - BA2,417,N,P,0.01082,0.1298,0.01281
S2K146 - BA2,417,N,Q,0.006676,0.1298,0.01281
S2K146 - BA2,417,N,R,0.008611,0.1298,0.01281
S2K146 - BA2,417,N,S,0.005413,0.1298,0.01281
S2K146 - BA2,417,N,T,0.01281,0.1298,0.01281
S2K146 - BA2,417,N,V,0.008614,0.1298,0.01281
S2K146 - BA2,417,N,W,0.006059,0.1298,0.01281
S2K146 - BA2,417,N,Y,0.007044,0.1298,0.01281
S2K146 - BA2,418,I,V,0.006818,0.006818,0.006818
S2K146 - BA2,419,A,P,0.008869,1.318,0.6551
S2K146 - BA2,419,A,S,0.6551,1.318,0.6551
S2K146 - BA2,419,A,T,0.6544,1.318,0.6551
S2K146 - BA2,420,D,A,0.01257,0.0623,0.01257
S2K146 - BA2,420,D,E,0.007332,0.0623,0.01257
S2K146 - BA2,420,D,K,0.004901,0.0623,0.01257
S2K146 - BA2,420,D,L,0.006198,0.0623,0.01257
S2K146 - BA2,420,D,M,0.004216,0.0623,0.01257
S2K146 - BA2,420,D,N,0.006242,0.0623,0.01257
S2K146 - BA2,420,D,Q,0.005106,0.0623,0.01257
S2K146 - BA2,420,D,R,0.004212,0.0623,0.01257
S2K146 - BA2,420,D,S,0.005106,0.0623,0.01257
S2K146 - BA2,420,D,T,0.006415,0.0623,0.01257
S2K146 - BA2,421,Y,F,0.005562,0.04715,0.0157
S2K146 - BA2,421,Y,H,0.006741,0.04715,0.0157
S2K146 - BA2,421,Y,L,0.0157,0.04715,0.0157
S2K146 - BA2,421,Y,M,0.004836,0.04715,0.0157
S2K146 - BA2,421,Y,N,0.007136,0.04715,0.0157
S2K146 - BA2,421,Y,W,0.007172,0.04715,0.0157
S2K146 - BA2,424,K,H,0.01239,0.01815,0.01239
S2K146 - BA2,424,K,R,0.00576,0.01815,0.01239
S2K146 - BA2,425,L,I,0.008472,0.01844,0.008472
S2K146 - BA2,425,L,M,0.005058,0.01844,0.008472
S2K146 - BA2,425,L,V,0.00491,0.01844,0.008472
S2K146 - BA2,427,D,A,0.005266,0.1304,0.01292
S2K146 - BA2,427,D,E,0.0064,0.1304,0.01292
S2K146 - BA2,427,D,F,0.006052,0.1304,0.01292
S2K146 - BA2,427,D,G,0.005236,0.1304,0.01292
S2K146 - BA2,427,D,H,0.005425,0.1304,0.01292
S2K146 - BA2,427,D,I,0.004918,0.1304,0.01292
S2K146 - BA2,427,D,K,0.01252,0.1304,0.01292
S2K146 - BA2,427,D,L,0.006024,0.1304,0.01292
S2K146 - BA2,427,D,M,0.01292,0.1304,0.01292
S2K146 - BA2,427,D,N,0.005186,0.1304,0.01292
S2K146 - BA2,427,D,P,0.008988,0.1304,0.01292
S2K146 - BA2,427,D,Q,0.005204,0.1304,0.01292
S2K146 - BA2,427,D,R,0.008029,0.1304,0.01292
S2K146 - BA2,427,D,S,0.005651,0.1304,0.01292
S2K146 - BA2,427,D,T,0.00925,0.1304,0.01292
S2K146 - BA2,427,D,V,0.006813,0.1304,0.01292
S2K146 - BA2,427,D,W,0.00763,0.1304,0.01292
S2K146 - BA2,427,D,Y,0.008938,0.1304,0.01292
S2K146 - BA2,428,D,A,0.01084,0.07414,0.01214
S2K146 - BA2,428,D,E,0.006802,0.07414,0.01214
S2K146 - BA2,428,D,G,0.005996,0.07414,0.01214
S2K146 - BA2,428,D,H,0.004739,0.07414,0.01214
S2K146 - BA2,428,D,K,0.006806,0.07414,0.01214
S2K146 - BA2,428,D,N,0.004869,0.07414,0.01214
S2K146 - BA2,428,D,P,0.005334,0.07414,0.01214
S2K146 - BA2,428,D,Q,0.00613,0.07414,0.01214
S2K146 - BA2,428,D,R,0.01214,0.07414,0.01214
S2K146 - BA2,428,D,S,0.004905,0.07414,0.01214
S2K146 - BA2,428,D,T,0.005572,0.07414,0.01214
S2K146 - BA2,429,F,W,0.007978,0.007978,0.007978
S2K146 - BA2,430,T,C,0.007139,0.08305,0.01147
S2K146 - BA2,430,T,F,0.005367,0.08305,0.01147
S2K146 - BA2,430,T,H,0.009569,0.08305,0.01147
S2K146 - BA2,430,T,I,0.00573,0.08305,0.01147
S2K146 - BA2,430,T,K,0.006755,0.08305,0.01147
S2K146 - BA2,430,T,L,0.01147,0.08305,0.01147
S2K146 - BA2,430,T,M,0.004702,0.08305,0.01147
S2K146 - BA2,430,T,N,0.004555,0.08305,0.01147
S2K146 - BA2,430,T,Q,0.00512,0.08305,0.01147
S2K146 - BA2,430,T,R,0.005549,0.08305,0.01147
S2K146 - BA2,430,T,S,0.004597,0.08305,0.01147
S2K146 - BA2,430,T,V,0.007806,0.08305,0.01147
S2K146 - BA2,430,T,Y,0.004696,0.08305,0.01147
S2K146 - BA2,433,V,I,0.007544,0.007544,0.007544
S2K146 - BA2,434,I,F,0.005232,0.05615,0.01689
S2K146 - BA2,434,I,L,0.007197,0.05615,0.01689
S2K146 - BA2,434,I,M,0.01689,0.05615,0.01689
S2K146 - BA2,434,I,V,0.005603,0.05615,0.01689
S2K146 - BA2,434,I,W,0.01187,0.05615,0.01689
S2K146 - BA2,434,I,Y,0.009352,0.05615,0.01689
S2K146 - BA2,435,A,I,0.007324,0.04255,0.009661
S2K146 - BA2,435,A,S,0.005346,0.04255,0.009661
S2K146 - BA2,435,A,T,0.008792,0.04255,0.009661
S2K146 - BA2,435,A,V,0.006365,0.04255,0.009661
S2K146 - BA2,435,A,W,0.005066,0.04255,0.009661
S2K146 - BA2,435,A,Y,0.009661,0.04255,0.009661
S2K146 - BA2,436,W,F,0.006034,0.02609,0.00996
S2K146 - BA2,436,W,I,0.004194,0.02609,0.00996
S2K146 - BA2,436,W,M,0.00996,0.02609,0.00996
S2K146 - BA2,436,W,Y,0.005902,0.02609,0.00996
S2K146 - BA2,437,N,A,0.01484,0.03204,0.01484
S2K146 - BA2,437,N,E,0.005162,0.03204,0.01484
S2K146 - BA2,437,N,P,0.006582,0.03204,0.01484
S2K146 - BA2,437,N,S,0.005455,0.03204,0.01484
S2K146 - BA2,438,S,A,0.006988,0.01208,0.006988
S2K146 - BA2,438,S,T,0.005089,0.01208,0.006988
S2K146 - BA2,439,N,A,0.005417,0.09568,0.009931
S2K146 - BA2,439,N,C,0.005054,0.09568,0.009931
S2K146 - BA2,439,N,D,0.004609,0.09568,0.009931
S2K146 - BA2,439,N,E,0.009931,0.09568,0.009931
S2K146 - BA2,439,N,G,0.004926,0.09568,0.009931
S2K146 - BA2,439,N,H,0.00534,0.09568,0.009931
S2K146 - BA2,439,N,K,0.005063,0.09568,0.009931
S2K146 - BA2,439,N,L,0.00546,0.09568,0.009931
S2K146 - BA2,439,N,M,0.005537,0.09568,0.009931
S2K146 - BA2,439,N,Q,0.006725,0.09568,0.009931
S2K146 - BA2,439,N,R,0.006778,0.09568,0.009931
S2K146 - BA2,439,N,S,0.007842,0.09568,0.009931
S2K146 - BA2,439,N,T,0.007715,0.09568,0.009931
S2K146 - BA2,439,N,V,0.004729,0.09568,0.009931
S2K146 - BA2,439,N,W,0.005295,0.09568,0.009931
S2K146 - BA2,439,N,Y,0.00526,0.09568,0.009931
S2K146 - BA2,440,K,A,0.01704,0.132,0.01994
S2K146 - BA2,440,K,C,0.004622,0.132,0.01994
S2K146 - BA2,440,K,D,0.006139,0.132,0.01994
S2K146 - BA2,440,K,E,0.007,0.132,0.01994
S2K146 - BA2,440,K,F,0.004766,0.132,0.01994
S2K146 - BA2,440,K,G,0.01994,0.132,0.01994
S2K146 - BA2,440,K,H,0.004442,0.132,0.01994
S2K146 - BA2,440,K,I,0.005305,0.132,0.01994
S2K146 - BA2,440,K,L,0.004818,0.132,0.01994
S2K146 - BA2,440,K,M,0.006092,0.132,0.01994
S2K146 - BA2,440,K,N,0.006359,0.132,0.01994
S2K146 - BA2,440,K,P,0.007176,0.132,0.01994
S2K146 - BA2,440,K,Q,0.004842,0.132,0.01994
S2K146 - BA2,440,K,R,0.008329,0.132,0.01994
S2K146 - BA2,440,K,S,0.005227,0.132,0.01994
S2K146 - BA2,440,K,T,0.00802,0.132,0.01994
S2K146 - BA2,440,K,V,0.005201,0.132,0.01994
S2K146 - BA2,440,K,Y,0.006661,0.132,0.01994
S2K146 - BA2,441,L,A,0.004735,0.11,0.008922
S2K146 - BA2,441,L,C,0.006363,0.11,0.008922
S2K146 - BA2,441,L,D,0.005715,0.11,0.008922
S2K146 - BA2,441,L,E,0.008097,0.11,0.008922
S2K146 - BA2,441,L,F,0.005795,0.11,0.008922
S2K146 - BA2,441,L,G,0.00513,0.11,0.008922
S2K146 - BA2,441,L,H,0.007663,0.11,0.008922
S2K146 - BA2,441,L,I,0.005593,0.11,0.008922
S2K146 - BA2,441,L,K,0.005738,0.11,0.008922
S2K146 - BA2,441,L,M,0.008922,0.11,0.008922
S2K146 - BA2,441,L,N,0.004773,0.11,0.008922
S2K146 - BA2,441,L,Q,0.005782,0.11,0.008922
S2K146 - BA2,441,L,R,0.008198,0.11,0.008922
S2K146 - BA2,441,L,S,0.005733,0.11,0.008922
S2K146 - BA2,441,L,T,0.005237,0.11,0.008922
S2K146 - BA2,441,L,V,0.005922,0.11,0.008922
S2K146 - BA2,441,L,W,0.005301,0.11,0.008922
S2K146 - BA2,441,L,Y,0.005255,0.11,0.008922
S2K146 - BA2,443,S,A,0.005199,0.02939,0.007754
S2K146 - BA2,443,S,C,0.004925,0.02939,0.007754
S2K146 - BA2,443,S,G,0.004451,0.02939,0.007754
S2K146 - BA2,443,S,N,0.007058,0.02939,0.007754
S2K146 - BA2,443,S,T,0.007754,0.02939,0.007754
S2K146 - BA2,444,K,A,0.005019,0.13,0.01491
S2K146 - BA2,444,K,C,0.004839,0.13,0.01491
S2K146 - BA2,444,K,D,0.006324,0.13,0.01491
S2K146 - BA2,444,K,E,0.006467,0.13,0.01491
S2K146 - BA2,444,K,F,0.008492,0.13,0.01491
S2K146 - BA2,444,K,G,0.007802,0.13,0.01491
S2K146 - BA2,444,K,H,0.009445,0.13,0.01491
S2K146 - BA2,444,K,I,0.007864,0.13,0.01491
S2K146 - BA2,444,K,L,0.00549,0.13,0.01491
S2K146 - BA2,444,K,M,0.005699,0.13,0.01491
S2K146 - BA2,444,K,N,0.005526,0.13,0.01491
S2K146 - BA2,444,K,P,0.006661,0.13,0.01491
S2K146 - BA2,444,K,Q,0.004639,0.13,0.01491
S2K146 - BA2,444,K,R,0.00834,0.13,0.01491
S2K146 - BA2,444,K,S,0.005061,0.13,0.01491
S2K146 - BA2,444,K,T,0.00758,0.13,0.01491
S2K146 - BA2,444,K,V,0.003944,0.13,0.01491
S2K146 - BA2,444,K,W,0.005909,0.13,0.01491
S2K146 - BA2,444,K,Y,0.01491,0.13,0.01491
S2K146 - BA2,445,V,A,0.006499,0.1336,0.01841
S2K146 - BA2,445,V,C,0.008961,0.1336,0.01841
S2K146 - BA2,445,V,D,0.006848,0.1336,0.01841
S2K146 - BA2,445,V,E,0.007328,0.1336,0.01841
S2K146 - BA2,445,V,F,0.005037,0.1336,0.01841
S2K146 - BA2,445,V,G,0.006183,0.1336,0.01841
S2K146 - BA2,445,V,H,0.008909,0.1336,0.01841
S2K146 - BA2,445,V,I,0.004874,0.1336,0.01841
S2K146 - BA2,445,V,K,0.009114,0.1336,0.01841
S2K146 - BA2,445,V,L,0.005478,0.1336,0.01841
S2K146 - BA2,445,V,M,0.007439,0.1336,0.01841
S2K146 - BA2,445,V,N,0.006054,0.1336,0.01841
S2K146 - BA2,445,V,P,0.005407,0.1336,0.01841
S2K146 - BA2,445,V,Q,0.005441,0.1336,0.01841
S2K146 - BA2,445,V,R,0.005297,0.1336,0.01841
S2K146 - BA2,445,V,S,0.004945,0.1336,0.01841
S2K146 - BA2,445,V,T,0.01841,0.1336,0.01841
S2K146 - BA2,445,V,W,0.005356,0.1336,0.01841
S2K146 - BA2,445,V,Y,0.005998,0.1336,0.01841
S2K146 - BA2,446,G,A,0.005003,0.1207,0.01167
S2K146 - BA2,446,G,D,0.007898,0.1207,0.01167
S2K146 - BA2,446,G,E,0.005091,0.1207,0.01167
S2K146 - BA2,446,G,F,0.007853,0.1207,0.01167
S2K146 - BA2,446,G,H,0.005418,0.1207,0.01167
S2K146 - BA2,446,G,I,0.009105,0.1207,0.01167
S2K146 - BA2,446,G,K,0.01131,0.1207,0.01167
S2K146 - BA2,446,G,L,0.004837,0.1207,0.01167
S2K146 - BA2,446,G,M,0.005179,0.1207,0.01167
S2K146 - BA2,446,G,N,0.005504,0.1207,0.01167
S2K146 - BA2,446,G,P,0.007444,0.1207,0.01167
S2K146 - BA2,446,G,Q,0.005016,0.1207,0.01167
S2K146 - BA2,446,G,R,0.009583,0.1207,0.01167
S2K146 - BA2,446,G,S,0.00488,0.1207,0.01167
S2K146 - BA2,446,G,T,0.005354,0.1207,0.01167
S2K146 - BA2,446,G,V,0.01167,0.1207,0.01167
S2K146 - BA2,446,G,W,0.005816,0.1207,0.01167
S2K146 - BA2,446,G,Y,0.003766,0.1207,0.01167
S2K146 - BA2,447,G,A,0.006975,0.1084,0.01604
S2K146 - BA2,447,G,D,0.008725,0.1084,0.01604
S2K146 - BA2,447,G,E,0.01604,0.1084,0.01604
S2K146 - BA2,447,G,H,0.005249,0.1084,0.01604
S2K146 - BA2,447,G,K,0.005475,0.1084,0.01604
S2K146 - BA2,447,G,L,0.005452,0.1084,0.01604
S2K146 - BA2,447,G,M,0.006358,0.1084,0.01604
S2K146 - BA2,447,G,N,0.005076,0.1084,0.01604
S2K146 - BA2,447,G,P,0.009973,0.1084,0.01604
S2K146 - BA2,447,G,Q,0.007194,0.1084,0.01604
S2K146 - BA2,447,G,R,0.006043,0.1084,0.01604
S2K146 - BA2,447,G,S,0.00556,0.1084,0.01604
S2K146 - BA2,447,G,T,0.008363,0.1084,0.01604
S2K146 - BA2,447,G,V,0.004065,0.1084,0.01604
S2K146 - BA2,447,G,Y,0.007833,0.1084,0.01604
S2K146 - BA2,448,N,A,0.00663,0.06826,0.008528
S2K146 - BA2,448,N,D,0.005306,0.06826,0.008528
S2K146 - BA2,448,N,E,0.0079,0.06826,0.008528
S2K146 - BA2,448,N,G,0.006044,0.06826,0.008528
S2K146 - BA2,448,N,H,0.004714,0.06826,0.008528
S2K146 - BA2,448,N,K,0.007396,0.06826,0.008528
S2K146 - BA2,448,N,P,0.004882,0.06826,0.008528
S2K146 - BA2,448,N,Q,0.005619,0.06826,0.008528
S2K146 - BA2,448,N,R,0.008528,0.06826,0.008528
S2K146 - BA2,448,N,S,0.006533,0.06826,0.008528
S2K146 - BA2,448,N,T,0.004706,0.06826,0.008528
S2K146 - BA2,449,Y,A,0.004668,0.1157,0.01047
S2K146 - BA2,449,Y,C,0.004608,0.1157,0.01047
S2K146 - BA2,449,Y,D,0.005201,0.1157,0.01047
S2K146 - BA2,449,Y,E,0.004598,0.1157,0.01047
S2K146 - BA2,449,Y,F,0.006671,0.1157,0.01047
S2K146 - BA2,449,Y,G,0.008298,0.1157,0.01047
S2K146 - BA2,449,Y,H,0.006294,0.1157,0.01047
S2K146 - BA2,449,Y,I,0.007298,0.1157,0.01047
S2K146 - BA2,449,Y,K,0.005644,0.1157,0.01047
S2K146 - BA2,449,Y,L,0.00541,0.1157,0.01047
S2K146 - BA2,449,Y,M,0.004868,0.1157,0.01047
S2K146 - BA2,449,Y,N,0.005529,0.1157,0.01047
S2K146 - BA2,449,Y,P,0.00546,0.1157,0.01047
S2K146 - BA2,449,Y,Q,0.01047,0.1157,0.01047
S2K146 - BA2,449,Y,R,0.005626,0.1157,0.01047
S2K146 - BA2,449,Y,S,0.005246,0.1157,0.01047
S2K146 - BA2,449,Y,T,0.004863,0.1157,0.01047
S2K146 - BA2,449,Y,V,0.004981,0.1157,0.01047
S2K146 - BA2,449,Y,W,0.01001,0.1157,0.01047
S2K146 - BA2,450,N,A,0.006842,0.1163,0.009087
S2K146 - BA2,450,N,C,0.005165,0.1163,0.009087
S2K146 - BA2,450,N,D,0.005463,0.1163,0.009087
S2K146 - BA2,450,N,E,0.006494,0.1163,0.009087
S2K146 - BA2,450,N,F,0.00525,0.1163,0.009087
S2K146 - BA2,450,N,G,0.00525,0.1163,0.009087
S2K146 - BA2,450,N,H,0.006006,0.1163,0.009087
S2K146 - BA2,450,N,I,0.004744,0.1163,0.009087
S2K146 - BA2,450,N,K,0.005873,0.1163,0.009087
S2K146 - BA2,450,N,L,0.008957,0.1163,0.009087
S2K146 - BA2,450,N,M,0.005229,0.1163,0.009087
S2K146 - BA2,450,N,P,0.005456,0.1163,0.009087
S2K146 - BA2,450,N,Q,0.009087,0.1163,0.009087
S2K146 - BA2,450,N,R,0.006668,0.1163,0.009087
S2K146 - BA2,450,N,S,0.007829,0.1163,0.009087
S2K146 - BA2,450,N,T,0.006639,0.1163,0.009087
S2K146 - BA2,450,N,V,0.005413,0.1163,0.009087
S2K146 - BA2,450,N,W,0.004703,0.1163,0.009087
S2K146 - BA2,450,N,Y,0.00526,0.1163,0.009087
S2K146 - BA2,451,Y,A,0.005588,0.04923,0.006108
S2K146 - BA2,451,Y,C,0.00492,0.04923,0.006108
S2K146 - BA2,451,Y,F,0.005073,0.04923,0.006108
S2K146 - BA2,451,Y,H,0.004944,0.04923,0.006108
S2K146 - BA2,451,Y,I,0.004799,0.04923,0.006108
S2K146 - BA2,451,Y,L,0.005772,0.04923,0.006108
S2K146 - BA2,451,Y,M,0.006072,0.04923,0.006108
S2K146 - BA2,451,Y,N,0.005954,0.04923,0.006108
S2K146 - BA2,451,Y,Q,0.006108,0.04923,0.006108
S2K146 - BA2,452,L,A,0.006,0.1511,0.02267
S2K146 - BA2,452,L,C,0.004969,0.1511,0.02267
S2K146 - BA2,452,L,D,0.005704,0.1511,0.02267
S2K146 - BA2,452,L,E,0.008058,0.1511,0.02267
S2K146 - BA2,452,L,F,0.007582,0.1511,0.02267
S2K146 - BA2,452,L,G,0.005215,0.1511,0.02267
S2K146 - BA2,452,L,H,0.01787,0.1511,0.02267
S2K146 - BA2,452,L,I,0.0151,0.1511,0.02267
S2K146 - BA2,452,L,K,0.005849,0.1511,0.02267
S2K146 - BA2,452,L,M,0.005954,0.1511,0.02267
S2K146 - BA2,452,L,N,0.009258,0.1511,0.02267
S2K146 - BA2,452,L,Q,0.005052,0.1511,0.02267
S2K146 - BA2,452,L,R,0.005971,0.1511,0.02267
S2K146 - BA2,452,L,S,0.00537,0.1511,0.02267
S2K146 - BA2,452,L,T,0.007142,0.1511,0.02267
S2K146 - BA2,452,L,V,0.02267,0.1511,0.02267
S2K146 - BA2,452,L,W,0.005896,0.1511,0.02267
S2K146 - BA2,452,L,Y,0.007467,0.1511,0.02267
S2K146 - BA2,453,Y,A,0.01586,0.09674,0.01708
S2K146 - BA2,453,Y,E,0.01708,0.09674,0.01708
S2K146 - BA2,453,Y,F,0.006159,0.09674,0.01708
S2K146 - BA2,453,Y,H,0.004781,0.09674,0.01708
S2K146 - BA2,453,Y,K,0.004647,0.09674,0.01708
S2K146 - BA2,453,Y,M,0.005239,0.09674,0.01708
S2K146 - BA2,453,Y,Q,0.006869,0.09674,0.01708
S2K146 - BA2,453,Y,R,0.01465,0.09674,0.01708
S2K146 - BA2,453,Y,S,0.007964,0.09674,0.01708
S2K146 - BA2,453,Y,V,0.005227,0.09674,0.01708
S2K146 - BA2,453,Y,W,0.008262,0.09674,0.01708
S2K146 - BA2,455,L,A,0.005917,0.1292,0.01634
S2K146 - BA2,455,L,C,0.007225,0.1292,0.01634
S2K146 - BA2,455,L,D,0.008236,0.1292,0.01634
S2K146 - BA2,455,L,E,0.005696,0.1292,0.01634
S2K146 - BA2,455,L,F,0.005007,0.1292,0.01634
S2K146 - BA2,455,L,G,0.005063,0.1292,0.01634
S2K146 - BA2,455,L,H,0.008153,0.1292,0.01634
S2K146 - BA2,455,L,I,0.005478,0.1292,0.01634
S2K146 - BA2,455,L,K,0.01634,0.1292,0.01634
S2K146 - BA2,455,L,M,0.00476,0.1292,0.01634
S2K146 - BA2,455,L,N,0.005237,0.1292,0.01634
S2K146 - BA2,455,L,P,0.007318,0.1292,0.01634
S2K146 - BA2,455,L,Q,0.006178,0.1292,0.01634
S2K146 - BA2,455,L,R,0.008767,0.1292,0.01634
S2K146 - BA2,455,L,S,0.006765,0.1292,0.01634
S2K146 - BA2,455,L,T,0.00617,0.1292,0.01634
S2K146 - BA2,455,L,V,0.006247,0.1292,0.01634
S2K146 - BA2,455,L,W,0.00526,0.1292,0.01634
S2K146 - BA2,455,L,Y,0.005381,0.1292,0.01634
S2K146 - BA2,456,F,A,0.0197,0.8786,0.7169
S2K146 - BA2,456,F,C,0.007661,0.8786,0.7169
S2K146 - BA2,456,F,E,0.03412,0.8786,0.7169
S2K146 - BA2,456,F,G,0.008528,0.8786,0.7169
S2K146 - BA2,456,F,H,0.006782,0.8786,0.7169
S2K146 - BA2,456,F,I,0.00475,0.8786,0.7169
S2K146 - BA2,456,F,K,0.009583,0.8786,0.7169
S2K146 - BA2,456,F,L,0.005088,0.8786,0.7169
S2K146 - BA2,456,F,M,0.006207,0.8786,0.7169
S2K146 - BA2,456,F,N,0.004581,0.8786,0.7169
S2K146 - BA2,456,F,P,0.004858,0.8786,0.7169
S2K146 - BA2,456,F,Q,0.009174,0.8786,0.7169
S2K146 - BA2,456,F,R,0.01068,0.8786,0.7169
S2K146 - BA2,456,F,S,0.009008,0.8786,0.7169
S2K146 - BA2,456,F,T,0.005063,0.8786,0.7169
S2K146 - BA2,456,F,V,0.01095,0.8786,0.7169
S2K146 - BA2,456,F,W,0.004982,0.8786,0.7169
S2K146 - BA2,456,F,Y,0.7169,0.8786,0.7169
S2K146 - BA2,457,R,A,0.0105,0.02529,0.01478
S2K146 - BA2,457,R,K,0.01478,0.02529,0.01478
S2K146 - BA2,458,K,A,0.005259,0.1104,0.01245
S2K146 - BA2,458,K,C,0.004633,0.1104,0.01245
S2K146 - BA2,458,K,D,0.006662,0.1104,0.01245
S2K146 - BA2,458,K,E,0.006003,0.1104,0.01245
S2K146 - BA2,458,K,F,0.005096,0.1104,0.01245
S2K146 - BA2,458,K,G,0.005249,0.1104,0.01245
S2K146 - BA2,458,K,H,0.005594,0.1104,0.01245
S2K146 - BA2,458,K,I,0.004575,0.1104,0.01245
S2K146 - BA2,458,K,L,0.004144,0.1104,0.01245
S2K146 - BA2,458,K,M,0.0045,0.1104,0.01245
S2K146 - BA2,458,K,N,0.005367,0.1104,0.01245
S2K146 - BA2,458,K,P,0.005807,0.1104,0.01245
S2K146 - BA2,458,K,Q,0.007633,0.1104,0.01245
S2K146 - BA2,458,K,R,0.01245,0.1104,0.01245
S2K146 - BA2,458,K,S,0.005273,0.1104,0.01245
S2K146 - BA2,458,K,T,0.005338,0.1104,0.01245
S2K146 - BA2,458,K,V,0.004631,0.1104,0.01245
S2K146 - BA2,458,K,W,0.005514,0.1104,0.01245
S2K146 - BA2,458,K,Y,0.006697,0.1104,0.01245
S2K146 - BA2,459,S,A,0.01043,0.142,0.01552
S2K146 - BA2,459,S,C,0.005595,0.142,0.01552
S2K146 - BA2,459,S,D,0.007528,0.142,0.01552
S2K146 - BA2,459,S,E,0.004114,0.142,0.01552
S2K146 - BA2,459,S,F,0.01068,0.142,0.01552
S2K146 - BA2,459,S,G,0.006179,0.142,0.01552
S2K146 - BA2,459,S,H,0.005847,0.142,0.01552
S2K146 - BA2,459,S,I,0.00487,0.142,0.01552
S2K146 - BA2,459,S,K,0.01552,0.142,0.01552
S2K146 - BA2,459,S,M,0.006775,0.142,0.01552
S2K146 - BA2,459,S,N,0.01036,0.142,0.01552
S2K146 - BA2,459,S,P,0.009985,0.142,0.01552
S2K146 - BA2,459,S,Q,0.00449,0.142,0.01552
S2K146 - BA2,459,S,R,0.005815,0.142,0.01552
S2K146 - BA2,459,S,T,0.01079,0.142,0.01552
S2K146 - BA2,459,S,V,0.01139,0.142,0.01552
S2K146 - BA2,459,S,W,0.006721,0.142,0.01552
S2K146 - BA2,459,S,Y,0.004884,0.142,0.01552
S2K146 - BA2,460,N,A,0.004967,0.1057,0.01088
S2K146 - BA2,460,N,C,0.004808,0.1057,0.01088
S2K146 - BA2,460,N,D,0.006676,0.1057,0.01088
S2K146 - BA2,460,N,E,0.0062,0.1057,0.01088
S2K146 - BA2,460,N,F,0.004965,0.1057,0.01088
S2K146 - BA2,460,N,G,0.005653,0.1057,0.01088
S2K146 - BA2,460,N,H,0.006736,0.1057,0.01088
S2K146 - BA2,460,N,I,0.007353,0.1057,0.01088
S2K146 - BA2,460,N,K,0.004997,0.1057,0.01088
S2K146 - BA2,460,N,L,0.005533,0.1057,0.01088
S2K146 - BA2,460,N,M,0.005266,0.1057,0.01088
S2K146 - BA2,460,N,P,0.005403,0.1057,0.01088
S2K146 - BA2,460,N,Q,0.01088,0.1057,0.01088
S2K146 - BA2,460,N,R,0.005399,0.1057,0.01088
S2K146 - BA2,460,N,S,0.004753,0.1057,0.01088
S2K146 - BA2,460,N,T,0.005275,0.1057,0.01088
S2K146 - BA2,460,N,V,0.005122,0.1057,0.01088
S2K146 - BA2,460,N,Y,0.005738,0.1057,0.01088
S2K146 - BA2,461,L,I,0.01453,0.02655,0.01453
S2K146 - BA2,461,L,M,0.006584,0.02655,0.01453
S2K146 - BA2,461,L,V,0.005434,0.02655,0.01453
S2K146 - BA2,462,K,A,0.004455,0.1195,0.01092
S2K146 - BA2,462,K,C,0.005024,0.1195,0.01092
S2K146 - BA2,462,K,D,0.006889,0.1195,0.01092
S2K146 - BA2,462,K,E,0.009646,0.1195,0.01092
S2K146 - BA2,462,K,F,0.005227,0.1195,0.01092
S2K146 - BA2,462,K,G,0.004907,0.1195,0.01092
S2K146 - BA2,462,K,H,0.005729,0.1195,0.01092
S2K146 - BA2,462,K,I,0.006129,0.1195,0.01092
S2K146 - BA2,462,K,L,0.01092,0.1195,0.01092
S2K146 - BA2,462,K,M,0.005157,0.1195,0.01092
S2K146 - BA2,462,K,N,0.004754,0.1195,0.01092
S2K146 - BA2,462,K,P,0.00479,0.1195,0.01092
S2K146 - BA2,462,K,Q,0.009452,0.1195,0.01092
S2K146 - BA2,462,K,R,0.005555,0.1195,0.01092
S2K146 - BA2,462,K,S,0.006961,0.1195,0.01092
S2K146 - BA2,462,K,T,0.007985,0.1195,0.01092
S2K146 - BA2,462,K,V,0.00662,0.1195,0.01092
S2K146 - BA2,462,K,Y,0.00931,0.1195,0.01092
S2K146 - BA2,463,P,A,0.006031,0.01754,0.006068
S2K146 - BA2,463,P,G,0.005446,0.01754,0.006068
S2K146 - BA2,463,P,S,0.006068,0.01754,0.006068
S2K146 - BA2,464,F,A,0.005192,0.1082,0.01676
S2K146 - BA2,464,F,C,0.006916,0.1082,0.01676
S2K146 - BA2,464,F,D,0.006297,0.1082,0.01676
S2K146 - BA2,464,F,E,0.005786,0.1082,0.01676
S2K146 - BA2,464,F,G,0.005432,0.1082,0.01676
S2K146 - BA2,464,F,H,0.008425,0.1082,0.01676
S2K146 - BA2,464,F,L,0.005244,0.1082,0.01676
S2K146 - BA2,464,F,M,0.004908,0.1082,0.01676
S2K146 - BA2,464,F,N,0.005019,0.1082,0.01676
S2K146 - BA2,464,F,Q,0.01676,0.1082,0.01676
S2K146 - BA2,464,F,R,0.009562,0.1082,0.01676
S2K146 - BA2,464,F,S,0.006279,0.1082,0.01676
S2K146 - BA2,464,F,T,0.004779,0.1082,0.01676
S2K146 - BA2,464,F,W,0.008938,0.1082,0.01676
S2K146 - BA2,464,F,Y,0.008703,0.1082,0.01676
S2K146 - BA2,465,E,A,0.005373,0.04315,0.009411
S2K146 - BA2,465,E,D,0.006473,0.04315,0.009411
S2K146 - BA2,465,E,G,0.004052,0.04315,0.009411
S2K146 - BA2,465,E,H,0.00718,0.04315,0.009411
S2K146 - BA2,465,E,Q,0.009411,0.04315,0.009411
S2K146 - BA2,465,E,S,0.005373,0.04315,0.009411
S2K146 - BA2,465,E,T,0.005288,0.04315,0.009411
S2K146 - BA2,466,R,H,0.00471,0.02794,0.01862
S2K146 - BA2,466,R,K,0.004617,0.02794,0.01862
S2K146 - BA2,466,R,Q,0.01862,0.02794,0.01862
S2K146 - BA2,468,I,A,0.005123,0.1084,0.01055
S2K146 - BA2,468,I,C,0.005044,0.1084,0.01055
S2K146 - BA2,468,I,D,0.006237,0.1084,0.01055
S2K146 - BA2,468,I,E,0.00421,0.1084,0.01055
S2K146 - BA2,468,I,F,0.005936,0.1084,0.01055
S2K146 - BA2,468,I,G,0.005054,0.1084,0.01055
S2K146 - BA2,468,I,H,0.004984,0.1084,0.01055
S2K146 - BA2,468,I,K,0.006136,0.1084,0.01055
S2K146 - BA2,468,I,L,0.004486,0.1084,0.01055
S2K146 - BA2,468,I,M,0.005147,0.1084,0.01055
S2K146 - BA2,468,I,N,0.005608,0.1084,0.01055
S2K146 - BA2,468,I,P,0.006706,0.1084,0.01055
S2K146 - BA2,468,I,Q,0.01055,0.1084,0.01055
S2K146 - BA2,468,I,R,0.00669,0.1084,0.01055
S2K146 - BA2,468,I,S,0.00552,0.1084,0.01055
S2K146 - BA2,468,I,T,0.005999,0.1084,0.01055
S2K146 - BA2,468,I,V,0.003955,0.1084,0.01055
S2K146 - BA2,468,I,W,0.005227,0.1084,0.01055
S2K146 - BA2,468,I,Y,0.005824,0.1084,0.01055
S2K146 - BA2,469,S,A,0.005551,0.06463,0.007641
S2K146 - BA2,469,S,C,0.007641,0.06463,0.007641
S2K146 - BA2,469,S,D,0.005142,0.06463,0.007641
S2K146 - BA2,469,S,E,0.0067,0.06463,0.007641
S2K146 - BA2,469,S,G,0.005123,0.06463,0.007641
S2K146 - BA2,469,S,H,0.004996,0.06463,0.007641
S2K146 - BA2,469,S,K,0.006013,0.06463,0.007641
S2K146 - BA2,469,S,N,0.004953,0.06463,0.007641
S2K146 - BA2,469,S,Q,0.005961,0.06463,0.007641
S2K146 - BA2,469,S,R,0.006774,0.06463,0.007641
S2K146 - BA2,469,S,T,0.005772,0.06463,0.007641
S2K146 - BA2,470,T,A,0.007996,0.1161,0.01002
S2K146 - BA2,470,T,C,0.005075,0.1161,0.01002
S2K146 - BA2,470,T,D,0.007802,0.1161,0.01002
S2K146 - BA2,470,T,E,0.004884,0.1161,0.01002
S2K146 - BA2,470,T,F,0.004861,0.1161,0.01002
S2K146 - BA2,470,T,G,0.005715,0.1161,0.01002
S2K146 - BA2,470,T,H,0.007761,0.1161,0.01002
S2K146 - BA2,470,T,I,0.004966,0.1161,0.01002
S2K146 - BA2,470,T,K,0.006639,0.1161,0.01002
S2K146 - BA2,470,T,L,0.005848,0.1161,0.01002
S2K146 - BA2,470,T,M,0.004537,0.1161,0.01002
S2K146 - BA2,470,T,N,0.005941,0.1161,0.01002
S2K146 - BA2,470,T,P,0.00607,0.1161,0.01002
S2K146 - BA2,470,T,Q,0.007748,0.1161,0.01002
S2K146 - BA2,470,T,R,0.004103,0.1161,0.01002
S2K146 - BA2,470,T,S,0.005032,0.1161,0.01002
S2K146 - BA2,470,T,V,0.005973,0.1161,0.01002
S2K146 - BA2,470,T,W,0.01002,0.1161,0.01002
S2K146 - BA2,470,T,Y,0.005151,0.1161,0.01002
S2K146 - BA2,471,E,A,0.006421,0.1158,0.008095
S2K146 - BA2,471,E,C,0.005686,0.1158,0.008095
S2K146 - BA2,471,E,D,0.008095,0.1158,0.008095
S2K146 - BA2,471,E,F,0.006155,0.1158,0.008095
S2K146 - BA2,471,E,G,0.007706,0.1158,0.008095
S2K146 - BA2,471,E,H,0.005894,0.1158,0.008095
S2K146 - BA2,471,E,I,0.006035,0.1158,0.008095
S2K146 - BA2,471,E,K,0.005554,0.1158,0.008095
S2K146 - BA2,471,E,L,0.006479,0.1158,0.008095
S2K146 - BA2,471,E,M,0.005606,0.1158,0.008095
S2K146 - BA2,471,E,N,0.006873,0.1158,0.008095
S2K146 - BA2,471,E,P,0.005581,0.1158,0.008095
S2K146 - BA2,471,E,Q,0.006092,0.1158,0.008095
S2K146 - BA2,471,E,R,0.007395,0.1158,0.008095
S2K146 - BA2,471,E,S,0.005814,0.1158,0.008095
S2K146 - BA2,471,E,T,0.005686,0.1158,0.008095
S2K146 - BA2,471,E,V,0.007194,0.1158,0.008095
S2K146 - BA2,471,E,Y,0.007558,0.1158,0.008095
S2K146 - BA2,472,I,A,0.005365,1.518,0.6804
S2K146 - BA2,472,I,C,0.02015,1.518,0.6804
S2K146 - BA2,472,I,D,0.15,1.518,0.6804
S2K146 - BA2,472,I,E,0.01692,1.518,0.6804
S2K146 - BA2,472,I,F,0.005011,1.518,0.6804
S2K146 - BA2,472,I,G,0.6804,1.518,0.6804
S2K146 - BA2,472,I,H,0.005983,1.518,0.6804
S2K146 - BA2,472,I,K,0.01701,1.518,0.6804
S2K146 - BA2,472,I,L,0.007462,1.518,0.6804
S2K146 - BA2,472,I,M,0.01935,1.518,0.6804
S2K146 - BA2,472,I,N,0.005636,1.518,0.6804
S2K146 - BA2,472,I,P,0.009298,1.518,0.6804
S2K146 - BA2,472,I,Q,0.005617,1.518,0.6804
S2K146 - BA2,472,I,R,0.5391,1.518,0.6804
S2K146 - BA2,472,I,S,0.005326,1.518,0.6804
S2K146 - BA2,472,I,T,0.006962,1.518,0.6804
S2K146 - BA2,472,I,V,0.005717,1.518,0.6804
S2K146 - BA2,472,I,W,0.005902,1.518,0.6804
S2K146 - BA2,472,I,Y,0.006694,1.518,0.6804
S2K146 - BA2,473,Y,A,0.005773,3.077,0.7199
S2K146 - BA2,473,Y,C,0.7096,3.077,0.7199
S2K146 - BA2,473,Y,D,0.6929,3.077,0.7199
S2K146 - BA2,473,Y,E,0.005097,3.077,0.7199
S2K146 - BA2,473,Y,F,0.006075,3.077,0.7199
S2K146 - BA2,473,Y,G,0.04504,3.077,0.7199
S2K146 - BA2,473,Y,H,0.005613,3.077,0.7199
S2K146 - BA2,473,Y,I,0.006027,3.077,0.7199
S2K146 - BA2,473,Y,K,0.7199,3.077,0.7199
S2K146 - BA2,473,Y,L,0.006276,3.077,0.7199
S2K146 - BA2,473,Y,M,0.005385,3.077,0.7199
S2K146 - BA2,473,Y,N,0.1268,3.077,0.7199
S2K146 - BA2,473,Y,Q,0.02281,3.077,0.7199
S2K146 - BA2,473,Y,R,0.6951,3.077,0.7199
S2K146 - BA2,473,Y,S,0.004751,3.077,0.7199
S2K146 - BA2,473,Y,T,0.008198,3.077,0.7199
S2K146 - BA2,473,Y,V,0.005289,3.077,0.7199
S2K146 - BA2,473,Y,W,0.006482,3.077,0.7199
S2K146 - BA2,474,Q,A,0.005496,0.09778,0.0173
S2K146 - BA2,474,Q,D,0.004899,0.09778,0.0173
S2K146 - BA2,474,Q,E,0.005754,0.09778,0.0173
S2K146 - BA2,474,Q,G,0.005649,0.09778,0.0173
S2K146 - BA2,474,Q,H,0.006195,0.09778,0.0173
S2K146 - BA2,474,Q,K,0.008977,0.09778,0.0173
S2K146 - BA2,474,Q,M,0.0173,0.09778,0.0173
S2K146 - BA2,474,Q,N,0.007162,0.09778,0.0173
S2K146 - BA2,474,Q,P,0.007641,0.09778,0.0173
S2K146 - BA2,474,Q,R,0.005635,0.09778,0.0173
S2K146 - BA2,474,Q,S,0.007001,0.09778,0.0173
S2K146 - BA2,474,Q,T,0.006647,0.09778,0.0173
S2K146 - BA2,474,Q,V,0.009428,0.09778,0.0173
S2K146 - BA2,475,A,C,0.05215,3.263,0.7873
S2K146 - BA2,475,A,D,0.6865,3.263,0.7873
S2K146 - BA2,475,A,E,0.7527,3.263,0.7873
S2K146 - BA2,475,A,F,0.006401,3.263,0.7873
S2K146 - BA2,475,A,G,0.004479,3.263,0.7873
S2K146 - BA2,475,A,H,0.008218,3.263,0.7873
S2K146 - BA2,475,A,I,0.00525,3.263,0.7873
S2K146 - BA2,475,A,K,0.7605,3.263,0.7873
S2K146 - BA2,475,A,L,0.007209,3.263,0.7873
S2K146 - BA2,475,A,M,0.006232,3.263,0.7873
S2K146 - BA2,475,A,N,0.01658,3.263,0.7873
S2K146 - BA2,475,A,P,0.1317,3.263,0.7873
S2K146 - BA2,475,A,Q,0.004836,3.263,0.7873
S2K146 - BA2,475,A,R,0.7873,3.263,0.7873
S2K146 - BA2,475,A,S,0.004273,3.263,0.7873
S2K146 - BA2,475,A,T,0.007972,3.263,0.7873
S2K146 - BA2,475,A,V,0.004247,3.263,0.7873
S2K146 - BA2,475,A,W,0.005314,3.263,0.7873
S2K146 - BA2,475,A,Y,0.01171,3.263,0.7873
S2K146 - BA2,476,G,A,0.005204,5.215,0.7757
S2K146 - BA2,476,G,C,0.7441,5.215,0.7757
S2K146 - BA2,476,G,D,0.04031,5.215,0.7757
S2K146 - BA2,476,G,E,0.7509,5.215,0.7757
S2K146 - BA2,476,G,H,0.04644,5.215,0.7757
S2K146 - BA2,476,G,K,0.7356,5.215,0.7757
S2K146 - BA2,476,G,N,0.1594,5.215,0.7757
S2K146 - BA2,476,G,P,0.7235,5.215,0.7757
S2K146 - BA2,476,G,Q,0.699,5.215,0.7757
S2K146 - BA2,476,G,R,0.5292,5.215,0.7757
S2K146 - BA2,476,G,S,0.005806,5.215,0.7757
S2K146 - BA2,476,G,T,0.7757,5.215,0.7757
S2K146 - BA2,477,N,A,0.005538,0.1274,0.01175
S2K146 - BA2,477,N,C,0.005302,0.1274,0.01175
S2K146 - BA2,477,N,D,0.006897,0.1274,0.01175
S2K146 - BA2,477,N,E,0.01075,0.1274,0.01175
S2K146 - BA2,477,N,F,0.005473,0.1274,0.01175
S2K146 - BA2,477,N,G,0.005932,0.1274,0.01175
S2K146 - BA2,477,N,H,0.006983,0.1274,0.01175
S2K146 - BA2,477,N,I,0.006088,0.1274,0.01175
S2K146 - BA2,477,N,K,0.006536,0.1274,0.01175
S2K146 - BA2,477,N,L,0.008155,0.1274,0.01175
S2K146 - BA2,477,N,M,0.006653,0.1274,0.01175
S2K146 - BA2,477,N,P,0.005135,0.1274,0.01175
S2K146 - BA2,477,N,Q,0.005558,0.1274,0.01175
S2K146 - BA2,477,N,R,0.01175,0.1274,0.01175
S2K146 - BA2,477,N,S,0.005892,0.1274,0.01175
S2K146 - BA2,477,N,T,0.005489,0.1274,0.01175
S2K146 - BA2,477,N,V,0.005977,0.1274,0.01175
S2K146 - BA2,477,N,W,0.008289,0.1274,0.01175
S2K146 - BA2,477,N,Y,0.00501,0.1274,0.01175
S2K146 - BA2,478,K,A,0.005097,0.1166,0.009608
S2K146 - BA2,478,K,C,0.009608,0.1166,0.009608
S2K146 - BA2,478,K,D,0.005622,0.1166,0.009608
S2K146 - BA2,478,K,E,0.004931,0.1166,0.009608
S2K146 - BA2,478,K,F,0.005488,0.1166,0.009608
S2K146 - BA2,478,K,G,0.007824,0.1166,0.009608
S2K146 - BA2,478,K,H,0.006533,0.1166,0.009608
S2K146 - BA2,478,K,I,0.00449,0.1166,0.009608
S2K146 - BA2,478,K,L,0.004769,0.1166,0.009608
S2K146 - BA2,478,K,M,0.005916,0.1166,0.009608
S2K146 - BA2,478,K,N,0.008899,0.1166,0.009608
S2K146 - BA2,478,K,P,0.009223,0.1166,0.009608
S2K146 - BA2,478,K,Q,0.005428,0.1166,0.009608
S2K146 - BA2,478,K,R,0.005114,0.1166,0.009608
S2K146 - BA2,478,K,S,0.006017,0.1166,0.009608
S2K146 - BA2,478,K,T,0.005053,0.1166,0.009608
S2K146 - BA2,478,K,V,0.004648,0.1166,0.009608
S2K146 - BA2,478,K,W,0.006802,0.1166,0.009608
S2K146 - BA2,478,K,Y,0.005108,0.1166,0.009608
S2K146 - BA2,479,P,A,0.006202,0.1215,0.01364
S2K146 - BA2,479,P,C,0.006066,0.1215,0.01364
S2K146 - BA2,479,P,D,0.005262,0.1215,0.01364
S2K146 - BA2,479,P,E,0.003992,0.1215,0.01364
S2K146 - BA2,479,P,F,0.005781,0.1215,0.01364
S2K146 - BA2,479,P,G,0.004355,0.1215,0.01364
S2K146 - BA2,479,P,H,0.005205,0.1215,0.01364
S2K146 - BA2,479,P,I,0.00696,0.1215,0.01364
S2K146 - BA2,479,P,K,0.005592,0.1215,0.01364
S2K146 - BA2,479,P,L,0.01364,0.1215,0.01364
S2K146 - BA2,479,P,M,0.006314,0.1215,0.01364
S2K146 - BA2,479,P,N,0.004403,0.1215,0.01364
S2K146 - BA2,479,P,Q,0.00739,0.1215,0.01364
S2K146 - BA2,479,P,R,0.006019,0.1215,0.01364
S2K146 - BA2,479,P,S,0.004647,0.1215,0.01364
S2K146 - BA2,479,P,T,0.008616,0.1215,0.01364
S2K146 - BA2,479,P,V,0.005061,0.1215,0.01364
S2K146 - BA2,479,P,W,0.01017,0.1215,0.01364
S2K146 - BA2,479,P,Y,0.005816,0.1215,0.01364
S2K146 - BA2,481,N,A,0.006056,0.1093,0.007939
S2K146 - BA2,481,N,C,0.006188,0.1093,0.007939
S2K146 - BA2,481,N,D,0.005128,0.1093,0.007939
S2K146 - BA2,481,N,E,0.007786,0.1093,0.007939
S2K146 - BA2,481,N,F,0.005699,0.1093,0.007939
S2K146 - BA2,481,N,G,0.007745,0.1093,0.007939
S2K146 - BA2,481,N,H,0.005415,0.1093,0.007939
S2K146 - BA2,481,N,I,0.004913,0.1093,0.007939
S2K146 - BA2,481,N,K,0.005455,0.1093,0.007939
S2K146 - BA2,481,N,L,0.005403,0.1093,0.007939
S2K146 - BA2,481,N,M,0.005443,0.1093,0.007939
S2K146 - BA2,481,N,P,0.005771,0.1093,0.007939
S2K146 - BA2,481,N,Q,0.005298,0.1093,0.007939
S2K146 - BA2,481,N,R,0.007394,0.1093,0.007939
S2K146 - BA2,481,N,S,0.007939,0.1093,0.007939
S2K146 - BA2,481,N,T,0.004454,0.1093,0.007939
S2K146 - BA2,481,N,V,0.004793,0.1093,0.007939
S2K146 - BA2,481,N,W,0.004702,0.1093,0.007939
S2K146 - BA2,481,N,Y,0.003739,0.1093,0.007939
S2K146 - BA2,482,G,A,0.007583,0.1198,0.009628
S2K146 - BA2,482,G,C,0.006017,0.1198,0.009628
S2K146 - BA2,482,G,D,0.006329,0.1198,0.009628
S2K146 - BA2,482,G,E,0.006528,0.1198,0.009628
S2K146 - BA2,482,G,F,0.008801,0.1198,0.009628
S2K146 - BA2,482,G,H,0.004393,0.1198,0.009628
S2K146 - BA2,482,G,I,0.005512,0.1198,0.009628
S2K146 - BA2,482,G,K,0.004213,0.1198,0.009628
S2K146 - BA2,482,G,L,0.006414,0.1198,0.009628
S2K146 - BA2,482,G,M,0.0092,0.1198,0.009628
S2K146 - BA2,482,G,N,0.008042,0.1198,0.009628
S2K146 - BA2,482,G,P,0.006772,0.1198,0.009628
S2K146 - BA2,482,G,Q,0.005231,0.1198,0.009628
S2K146 - BA2,482,G,R,0.005001,0.1198,0.009628
S2K146 - BA2,482,G,S,0.007371,0.1198,0.009628
S2K146 - BA2,482,G,T,0.007142,0.1198,0.009628
S2K146 - BA2,482,G,V,0.005586,0.1198,0.009628
S2K146 - BA2,482,G,Y,0.009628,0.1198,0.009628
S2K146 - BA2,483,V,A,0.00548,0.1199,0.01187
S2K146 - BA2,483,V,C,0.004403,0.1199,0.01187
S2K146 - BA2,483,V,D,0.00599,0.1199,0.01187
S2K146 - BA2,483,V,E,0.005125,0.1199,0.01187
S2K146 - BA2,483,V,F,0.005518,0.1199,0.01187
S2K146 - BA2,483,V,G,0.005683,0.1199,0.01187
S2K146 - BA2,483,V,H,0.01187,0.1199,0.01187
S2K146 - BA2,483,V,I,0.009736,0.1199,0.01187
S2K146 - BA2,483,V,K,0.005561,0.1199,0.01187
S2K146 - BA2,483,V,L,0.007934,0.1199,0.01187
S2K146 - BA2,483,V,M,0.004219,0.1199,0.01187
S2K146 - BA2,483,V,N,0.008509,0.1199,0.01187
S2K146 - BA2,483,V,P,0.007119,0.1199,0.01187
S2K146 - BA2,483,V,Q,0.006168,0.1199,0.01187
S2K146 - BA2,483,V,R,0.00519,0.1199,0.01187
S2K146 - BA2,483,V,S,0.006215,0.1199,0.01187
S2K146 - BA2,483,V,T,0.005515,0.1199,0.01187
S2K146 - BA2,483,V,W,0.00483,0.1199,0.01187
S2K146 - BA2,483,V,Y,0.00481,0.1199,0.01187
S2K146 - BA2,484,A,C,0.006742,0.1378,0.0135
S2K146 - BA2,484,A,D,0.004896,0.1378,0.0135
S2K146 - BA2,484,A,E,0.01182,0.1378,0.0135
S2K146 - BA2,484,A,F,0.006335,0.1378,0.0135
S2K146 - BA2,484,A,G,0.00487,0.1378,0.0135
S2K146 - BA2,484,A,H,0.009515,0.1378,0.0135
S2K146 - BA2,484,A,I,0.00925,0.1378,0.0135
S2K146 - BA2,484,A,K,0.0135,0.1378,0.0135
S2K146 - BA2,484,A,L,0.01038,0.1378,0.0135
S2K146 - BA2,484,A,M,0.005034,0.1378,0.0135
S2K146 - BA2,484,A,N,0.00688,0.1378,0.0135
S2K146 - BA2,484,A,P,0.006533,0.1378,0.0135
S2K146 - BA2,484,A,Q,0.008245,0.1378,0.0135
S2K146 - BA2,484,A,R,0.005228,0.1378,0.0135
S2K146 - BA2,484,A,S,0.0057,0.1378,0.0135
S2K146 - BA2,484,A,T,0.00388,0.1378,0.0135
S2K146 - BA2,484,A,V,0.006526,0.1378,0.0135
S2K146 - BA2,484,A,W,0.00503,0.1378,0.0135
S2K146 - BA2,484,A,Y,0.007416,0.1378,0.0135
S2K146 - BA2,485,G,A,0.004712,1.586,0.6747
S2K146 - BA2,485,G,C,0.6747,1.586,0.6747
S2K146 - BA2,485,G,D,0.0062,1.586,0.6747
S2K146 - BA2,485,G,E,0.005726,1.586,0.6747
S2K146 - BA2,485,G,H,0.004769,1.586,0.6747
S2K146 - BA2,485,G,K,0.0044,1.586,0.6747
S2K146 - BA2,485,G,L,0.1699,1.586,0.6747
S2K146 - BA2,485,G,M,0.00829,1.586,0.6747
S2K146 - BA2,485,G,N,0.01206,1.586,0.6747
S2K146 - BA2,485,G,P,0.007326,1.586,0.6747
S2K146 - BA2,485,G,Q,0.004612,1.586,0.6747
S2K146 - BA2,485,G,R,0.006774,1.586,0.6747
S2K146 - BA2,485,G,S,0.005879,1.586,0.6747
S2K146 - BA2,485,G,T,0.005284,1.586,0.6747
S2K146 - BA2,485,G,V,0.6599,1.586,0.6747
S2K146 - BA2,485,G,W,0.005636,1.586,0.6747
S2K146 - BA2,486,F,A,0.7388,9.145,0.8255
S2K146 - BA2,486,F,C,0.7537,9.145,0.8255
S2K146 - BA2,486,F,D,0.7726,9.145,0.8255
S2K146 - BA2,486,F,E,0.7139,9.145,0.8255
S2K146 - BA2,486,F,G,0.7162,9.145,0.8255
S2K146 - BA2,486,F,H,0.06333,9.145,0.8255
S2K146 - BA2,486,F,I,0.7105,9.145,0.8255
S2K146 - BA2,486,F,K,0.009612,9.145,0.8255
S2K146 - BA2,486,F,L,0.005193,9.145,0.8255
S2K146 - BA2,486,F,M,0.01408,9.145,0.8255
S2K146 - BA2,486,F,N,0.758,9.145,0.8255
S2K146 - BA2,486,F,P,0.6937,9.145,0.8255
S2K146 - BA2,486,F,Q,0.02386,9.145,0.8255
S2K146 - BA2,486,F,R,0.0977,9.145,0.8255
S2K146 - BA2,486,F,S,0.7759,9.145,0.8255
S2K146 - BA2,486,F,T,0.8255,9.145,0.8255
S2K146 - BA2,486,F,V,0.7162,9.145,0.8255
S2K146 - BA2,486,F,W,0.743,9.145,0.8255
S2K146 - BA2,486,F,Y,0.01357,9.145,0.8255
S2K146 - BA2,487,N,A,0.005548,8.532,0.8296
S2K146 - BA2,487,N,C,0.715,8.532,0.8296
S2K146 - BA2,487,N,D,0.7331,8.532,0.8296
S2K146 - BA2,487,N,F,0.7318,8.532,0.8296
S2K146 - BA2,487,N,G,0.01194,8.532,0.8296
S2K146 - BA2,487,N,H,0.7337,8.532,0.8296
S2K146 - BA2,487,N,K,0.8296,8.532,0.8296
S2K146 - BA2,487,N,L,0.7197,8.532,0.8296
S2K146 - BA2,487,N,M,0.6638,8.532,0.8296
S2K146 - BA2,487,N,P,0.6997,8.532,0.8296
S2K146 - BA2,487,N,Q,0.005159,8.532,0.8296
S2K146 - BA2,487,N,R,0.7556,8.532,0.8296
S2K146 - BA2,487,N,S,0.008657,8.532,0.8296
S2K146 - BA2,487,N,T,0.4766,8.532,0.8296
S2K146 - BA2,487,N,W,0.7214,8.532,0.8296
S2K146 - BA2,487,N,Y,0.7207,8.532,0.8296
S2K146 - BA2,489,Y,A,0.7867,9.798,0.8332
S2K146 - BA2,489,Y,C,0.6903,9.798,0.8332
S2K146 - BA2,489,Y,F,0.005575,9.798,0.8332
S2K146 - BA2,489,Y,H,0.792,9.798,0.8332
S2K146 - BA2,489,Y,I,0.7666,9.798,0.8332
S2K146 - BA2,489,Y,K,0.8332,9.798,0.8332
S2K146 - BA2,489,Y,L,0.7406,9.798,0.8332
S2K146 - BA2,489,Y,M,0.6972,9.798,0.8332
S2K146 - BA2,489,Y,N,0.725,9.798,0.8332
S2K146 - BA2,489,Y,P,0.7791,9.798,0.8332
S2K146 - BA2,489,Y,Q,0.7909,9.798,0.8332
S2K146 - BA2,489,Y,R,0.717,9.798,0.8332
S2K146 - BA2,489,Y,V,0.7818,9.798,0.8332
S2K146 - BA2,489,Y,W,0.6922,9.798,0.8332
S2K146 - BA2,490,F,A,0.006511,0.1069,0.007962
S2K146 - BA2,490,F,C,0.006163,0.1069,0.007962
S2K146 - BA2,490,F,D,0.004774,0.1069,0.007962
S2K146 - BA2,490,F,E,0.005864,0.1069,0.007962
S2K146 - BA2,490,F,G,0.007494,0.1069,0.007962
S2K146 - BA2,490,F,H,0.004154,0.1069,0.007962
S2K146 - BA2,490,F,I,0.005266,0.1069,0.007962
S2K146 - BA2,490,F,K,0.006518,0.1069,0.007962
S2K146 - BA2,490,F,L,0.005033,0.1069,0.007962
S2K146 - BA2,490,F,M,0.004785,0.1069,0.007962
S2K146 - BA2,490,F,N,0.005384,0.1069,0.007962
S2K146 - BA2,490,F,P,0.007962,0.1069,0.007962
S2K146 - BA2,490,F,Q,0.005002,0.1069,0.007962
S2K146 - BA2,490,F,R,0.004743,0.1069,0.007962
S2K146 - BA2,490,F,S,0.006459,0.1069,0.007962
S2K146 - BA2,490,F,T,0.005518,0.1069,0.007962
S2K146 - BA2,490,F,V,0.005065,0.1069,0.007962
S2K146 - BA2,490,F,W,0.004955,0.1069,0.007962
S2K146 - BA2,490,F,Y,0.005266,0.1069,0.007962
S2K146 - BA2,491,P,A,0.01716,0.03838,0.01716
S2K146 - BA2,491,P,N,0.006182,0.03838,0.01716
S2K146 - BA2,491,P,S,0.008842,0.03838,0.01716
S2K146 - BA2,491,P,T,0.006203,0.03838,0.01716
S2K146 - BA2,492,L,F,0.005404,0.03998,0.01599
S2K146 - BA2,492,L,I,0.007561,0.03998,0.01599
S2K146 - BA2,492,L,M,0.01103,0.03998,0.01599
S2K146 - BA2,492,L,V,0.01599,0.03998,0.01599
S2K146 - BA2,493,R,A,0.00597,0.1049,0.008227
S2K146 - BA2,493,R,C,0.008227,0.1049,0.008227
S2K146 - BA2,493,R,D,0.005755,0.1049,0.008227
S2K146 - BA2,493,R,E,0.005262,0.1049,0.008227
S2K146 - BA2,493,R,F,0.008015,0.1049,0.008227
S2K146 - BA2,493,R,G,0.005884,0.1049,0.008227
S2K146 - BA2,493,R,H,0.004216,0.1049,0.008227
S2K146 - BA2,493,R,I,0.007372,0.1049,0.008227
S2K146 - BA2,493,R,K,0.005234,0.1049,0.008227
S2K146 - BA2,493,R,L,0.00477,0.1049,0.008227
S2K146 - BA2,493,R,M,0.005454,0.1049,0.008227
S2K146 - BA2,493,R,N,0.004397,0.1049,0.008227
S2K146 - BA2,493,R,Q,0.005817,0.1049,0.008227
S2K146 - BA2,493,R,S,0.005221,0.1049,0.008227
S2K146 - BA2,493,R,T,0.00591,0.1049,0.008227
S2K146 - BA2,493,R,V,0.00663,0.1049,0.008227
S2K146 - BA2,493,R,W,0.004883,0.1049,0.008227
S2K146 - BA2,493,R,Y,0.005877,0.1049,0.008227
S2K146 - BA2,494,S,A,0.004874,0.09386,0.009639
S2K146 - BA2,494,S,C,0.004879,0.09386,0.009639
S2K146 - BA2,494,S,D,0.005078,0.09386,0.009639
S2K146 - BA2,494,S,E,0.007502,0.09386,0.009639
S2K146 - BA2,494,S,F,0.009639,0.09386,0.009639
S2K146 - BA2,494,S,G,0.005433,0.09386,0.009639
S2K146 - BA2,494,S,H,0.005199,0.09386,0.009639
S2K146 - BA2,494,S,K,0.007379,0.09386,0.009639
S2K146 - BA2,494,S,M,0.005797,0.09386,0.009639
S2K146 - BA2,494,S,N,0.005371,0.09386,0.009639
S2K146 - BA2,494,S,P,0.006379,0.09386,0.009639
S2K146 - BA2,494,S,Q,0.005473,0.09386,0.009639
S2K146 - BA2,494,S,R,0.004706,0.09386,0.009639
S2K146 - BA2,494,S,T,0.006149,0.09386,0.009639
S2K146 - BA2,494,S,V,0.004879,0.09386,0.009639
S2K146 - BA2,494,S,Y,0.005122,0.09386,0.009639
S2K146 - BA2,496,G,A,0.005081,0.1222,0.01605
S2K146 - BA2,496,G,C,0.007222,0.1222,0.01605
S2K146 - BA2,496,G,D,0.007143,0.1222,0.01605
S2K146 - BA2,496,G,E,0.01156,0.1222,0.01605
S2K146 - BA2,496,G,F,0.005108,0.1222,0.01605
S2K146 - BA2,496,G,H,0.01014,0.1222,0.01605
S2K146 - BA2,496,G,I,0.005105,0.1222,0.01605
S2K146 - BA2,496,G,K,0.007193,0.1222,0.01605
S2K146 - BA2,496,G,L,0.005859,0.1222,0.01605
S2K146 - BA2,496,G,M,0.00523,0.1222,0.01605
S2K146 - BA2,496,G,N,0.004925,0.1222,0.01605
S2K146 - BA2,496,G,Q,0.006563,0.1222,0.01605
S2K146 - BA2,496,G,R,0.005222,0.1222,0.01605
S2K146 - BA2,496,G,S,0.00509,0.1222,0.01605
S2K146 - BA2,496,G,T,0.005032,0.1222,0.01605
S2K146 - BA2,496,G,V,0.005664,0.1222,0.01605
S2K146 - BA2,496,G,W,0.01605,0.1222,0.01605
S2K146 - BA2,496,G,Y,0.004013,0.1222,0.01605
S2K146 - BA2,498,R,A,0.004972,0.1257,0.01524
S2K146 - BA2,498,R,C,0.005433,0.1257,0.01524
S2K146 - BA2,498,R,E,0.01524,0.1257,0.01524
S2K146 - BA2,498,R,F,0.005119,0.1257,0.01524
S2K146 - BA2,498,R,G,0.005497,0.1257,0.01524
S2K146 - BA2,498,R,H,0.006712,0.1257,0.01524
S2K146 - BA2,498,R,I,0.007518,0.1257,0.01524
S2K146 - BA2,498,R,K,0.008656,0.1257,0.01524
S2K146 - BA2,498,R,L,0.009288,0.1257,0.01524
S2K146 - BA2,498,R,M,0.009964,0.1257,0.01524
S2K146 - BA2,498,R,N,0.00619,0.1257,0.01524
S2K146 - BA2,498,R,Q,0.004533,0.1257,0.01524
S2K146 - BA2,498,R,S,0.005845,0.1257,0.01524
S2K146 - BA2,498,R,T,0.005782,0.1257,0.01524
S2K146 - BA2,498,R,V,0.0124,0.1257,0.01524
S2K146 - BA2,498,R,W,0.008072,0.1257,0.01524
S2K146 - BA2,498,R,Y,0.004456,0.1257,0.01524
S2K146 - BA2,499,P,A,0.005591,0.06939,0.01016
S2K146 - BA2,499,P,D,0.01016,0.06939,0.01016
S2K146 - BA2,499,P,E,0.004809,0.06939,0.01016
S2K146 - BA2,499,P,G,0.005684,0.06939,0.01016
S2K146 - BA2,499,P,H,0.005447,0.06939,0.01016
S2K146 - BA2,499,P,K,0.004791,0.06939,0.01016
S2K146 - BA2,499,P,N,0.005078,0.06939,0.01016
S2K146 - BA2,499,P,Q,0.005987,0.06939,0.01016
S2K146 - BA2,499,P,R,0.005051,0.06939,0.01016
S2K146 - BA2,499,P,S,0.009049,0.06939,0.01016
S2K146 - BA2,499,P,T,0.007743,0.06939,0.01016
S2K146 - BA2,500,T,A,0.015,0.1575,0.02815
S2K146 - BA2,500,T,C,0.0059,0.1575,0.02815
S2K146 - BA2,500,T,D,0.004983,0.1575,0.02815
S2K146 - BA2,500,T,E,0.006068,0.1575,0.02815
S2K146 - BA2,500,T,F,0.006986,0.1575,0.02815
S2K146 - BA2,500,T,G,0.008703,0.1575,0.02815
S2K146 - BA2,500,T,H,0.005849,0.1575,0.02815
S2K146 - BA2,500,T,I,0.006175,0.1575,0.02815
S2K146 - BA2,500,T,K,0.0048,0.1575,0.02815
S2K146 - BA2,500,T,L,0.004299,0.1575,0.02815
S2K146 - BA2,500,T,M,0.004723,0.1575,0.02815
S2K146 - BA2,500,T,N,0.007296,0.1575,0.02815
S2K146 - BA2,500,T,P,0.008775,0.1575,0.02815
S2K146 - BA2,500,T,Q,0.005694,0.1575,0.02815
S2K146 - BA2,500,T,R,0.007463,0.1575,0.02815
S2K146 - BA2,500,T,S,0.00521,0.1575,0.02815
S2K146 - BA2,500,T,V,0.007077,0.1575,0.02815
S2K146 - BA2,500,T,W,0.01438,0.1575,0.02815
S2K146 - BA2,500,T,Y,0.02815,0.1575,0.02815
S2K146 - BA2,501,Y,A,0.004138,0.07076,0.01067
S2K146 - BA2,501,Y,C,0.004882,0.07076,0.01067
S2K146 - BA2,501,Y,F,0.009355,0.07076,0.01067
S2K146 - BA2,501,Y,H,0.01067,0.07076,0.01067
S2K146 - BA2,501,Y,I,0.005849,0.07076,0.01067
S2K146 - BA2,501,Y,M,0.005272,0.07076,0.01067
S2K146 - BA2,501,Y,Q,0.007304,0.07076,0.01067
S2K146 - BA2,501,Y,S,0.005931,0.07076,0.01067
S2K146 - BA2,501,Y,T,0.005175,0.07076,0.01067
S2K146 - BA2,501,Y,V,0.005183,0.07076,0.01067
S2K146 - BA2,501,Y,W,0.006991,0.07076,0.01067
S2K146 - BA2,502,G,A,0.005267,0.03419,0.006916
S2K146 - BA2,502,G,F,0.004623,0.03419,0.006916
S2K146 - BA2,502,G,R,0.005136,0.03419,0.006916
S2K146 - BA2,502,G,S,0.006916,0.03419,0.006916
S2K146 - BA2,502,G,W,0.006761,0.03419,0.006916
S2K146 - BA2,502,G,Y,0.005492,0.03419,0.006916
S2K146 - BA2,503,V,A,0.005977,0.1177,0.009809
S2K146 - BA2,503,V,C,0.006803,0.1177,0.009809
S2K146 - BA2,503,V,D,0.009159,0.1177,0.009809
S2K146 - BA2,503,V,E,0.004727,0.1177,0.009809
S2K146 - BA2,503,V,F,0.006633,0.1177,0.009809
S2K146 - BA2,503,V,G,0.009809,0.1177,0.009809
S2K146 - BA2,503,V,H,0.003725,0.1177,0.009809
S2K146 - BA2,503,V,I,0.004772,0.1177,0.009809
S2K146 - BA2,503,V,K,0.005677,0.1177,0.009809
S2K146 - BA2,503,V,L,0.005009,0.1177,0.009809
S2K146 - BA2,503,V,M,0.006443,0.1177,0.009809
S2K146 - BA2,503,V,N,0.005906,0.1177,0.009809
S2K146 - BA2,503,V,P,0.00956,0.1177,0.009809
S2K146 - BA2,503,V,Q,0.005741,0.1177,0.009809
S2K146 - BA2,503,V,R,0.005984,0.1177,0.009809
S2K146 - BA2,503,V,S,0.006913,0.1177,0.009809
S2K146 - BA2,503,V,T,0.004706,0.1177,0.009809
S2K146 - BA2,503,V,W,0.005205,0.1177,0.009809
S2K146 - BA2,503,V,Y,0.004906,0.1177,0.009809
S2K146 - BA2,504,G,A,0.006025,0.1222,0.01327
S2K146 - BA2,504,G,C,0.005115,0.1222,0.01327
S2K146 - BA2,504,G,D,0.007282,0.1222,0.01327
S2K146 - BA2,504,G,E,0.004429,0.1222,0.01327
S2K146 - BA2,504,G,F,0.005074,0.1222,0.01327
S2K146 - BA2,504,G,H,0.008496,0.1222,0.01327
S2K146 - BA2,504,G,I,0.01327,0.1222,0.01327
S2K146 - BA2,504,G,K,0.005659,0.1222,0.01327
S2K146 - BA2,504,G,L,0.005201,0.1222,0.01327
S2K146 - BA2,504,G,M,0.005047,0.1222,0.01327
S2K146 - BA2,504,G,N,0.004814,0.1222,0.01327
S2K146 - BA2,504,G,P,0.005312,0.1222,0.01327
S2K146 - BA2,504,G,Q,0.004431,0.1222,0.01327
S2K146 - BA2,504,G,R,0.0123,0.1222,0.01327
S2K146 - BA2,504,G,S,0.007418,0.1222,0.01327
S2K146 - BA2,504,G,T,0.006042,0.1222,0.01327
S2K146 - BA2,504,G,V,0.005784,0.1222,0.01327
S2K146 - BA2,504,G,W,0.005434,0.1222,0.01327
S2K146 - BA2,504,G,Y,0.005033,0.1222,0.01327
S2K146 - BA2,505,H,A,0.004617,0.1236,0.01792
S2K146 - BA2,505,H,C,0.01251,0.1236,0.01792
S2K146 - BA2,505,H,D,0.01321,0.1236,0.01792
S2K146 - BA2,505,H,E,0.005378,0.1236,0.01792
S2K146 - BA2,505,H,F,0.005599,0.1236,0.01792
S2K146 - BA2,505,H,G,0.006544,0.1236,0.01792
S2K146 - BA2,505,H,K,0.006605,0.1236,0.01792
S2K146 - BA2,505,H,L,0.005228,0.1236,0.01792
S2K146 - BA2,505,H,M,0.006541,0.1236,0.01792
S2K146 - BA2,505,H,N,0.005858,0.1236,0.01792
S2K146 - BA2,505,H,Q,0.005167,0.1236,0.01792
S2K146 - BA2,505,H,R,0.006339,0.1236,0.01792
S2K146 - BA2,505,H,S,0.004669,0.1236,0.01792
S2K146 - BA2,505,H,T,0.005643,0.1236,0.01792
S2K146 - BA2,505,H,V,0.004788,0.1236,0.01792
S2K146 - BA2,505,H,W,0.007022,0.1236,0.01792
S2K146 - BA2,505,H,Y,0.01792,0.1236,0.01792
S2K146 - BA2,507,P,A,0.006674,0.006674,0.006674
S2K146 - BA2,508,Y,A,0.009276,0.08253,0.02045
S2K146 - BA2,508,Y,C,0.005059,0.08253,0.02045
S2K146 - BA2,508,Y,F,0.007683,0.08253,0.02045
S2K146 - BA2,508,Y,H,0.006631,0.08253,0.02045
S2K146 - BA2,508,Y,I,0.00844,0.08253,0.02045
S2K146 - BA2,508,Y,L,0.005232,0.08253,0.02045
S2K146 - BA2,508,Y,M,0.005373,0.08253,0.02045
S2K146 - BA2,508,Y,T,0.005577,0.08253,0.02045
S2K146 - BA2,508,Y,V,0.02045,0.08253,0.02045
S2K146 - BA2,508,Y,W,0.00881,0.08253,0.02045
S2K146 - BA2,510,V,C,0.009387,0.01548,0.009387
S2K146 - BA2,510,V,I,0.00609,0.01548,0.009387
S2K146 - BA2,513,L,I,0.006389,0.0174,0.01101
S2K146 - BA2,513,L,M,0.01101,0.0174,0.01101
S2K146 - BA2,514,S,A,0.005069,0.08812,0.007673
S2K146 - BA2,514,S,C,0.004411,0.08812,0.007673
S2K146 - BA2,514,S,F,0.006081,0.08812,0.007673
S2K146 - BA2,514,S,G,0.00405,0.08812,0.007673
S2K146 - BA2,514,S,H,0.006229,0.08812,0.007673
S2K146 - BA2,514,S,I,0.005836,0.08812,0.007673
S2K146 - BA2,514,S,K,0.005203,0.08812,0.007673
S2K146 - BA2,514,S,L,0.007214,0.08812,0.007673
S2K146 - BA2,514,S,M,0.007673,0.08812,0.007673
S2K146 - BA2,514,S,N,0.006082,0.08812,0.007673
S2K146 - BA2,514,S,Q,0.006832,0.08812,0.007673
S2K146 - BA2,514,S,R,0.003689,0.08812,0.007673
S2K146 - BA2,514,S,T,0.004449,0.08812,0.007673
S2K146 - BA2,514,S,V,0.005991,0.08812,0.007673
S2K146 - BA2,514,S,W,0.005303,0.08812,0.007673
S2K146 - BA2,514,S,Y,0.004013,0.08812,0.007673
S2K146 - BA2,515,F,L,0.01322,0.02518,0.01322
S2K146 - BA2,515,F,M,0.006704,0.02518,0.01322
S2K146 - BA2,515,F,Y,0.005262,0.02518,0.01322
S2K146 - BA2,516,E,D,0.004252,0.06263,0.01383
S2K146 - BA2,516,E,G,0.005086,0.06263,0.01383
S2K146 - BA2,516,E,H,0.004963,0.06263,0.01383
S2K146 - BA2,516,E,K,0.00531,0.06263,0.01383
S2K146 - BA2,516,E,N,0.004353,0.06263,0.01383
S2K146 - BA2,516,E,Q,0.006905,0.06263,0.01383
S2K146 - BA2,516,E,R,0.003321,0.06263,0.01383
S2K146 - BA2,516,E,S,0.006231,0.06263,0.01383
S2K146 - BA2,516,E,T,0.008375,0.06263,0.01383
S2K146 - BA2,516,E,W,0.01383,0.06263,0.01383
S2K146 - BA2,517,L,A,0.005123,0.1126,0.009604
S2K146 - BA2,517,L,C,0.009604,0.1126,0.009604
S2K146 - BA2,517,L,D,0.005714,0.1126,0.009604
S2K146 - BA2,517,L,E,0.005973,0.1126,0.009604
S2K146 - BA2,517,L,F,0.005067,0.1126,0.009604
S2K146 - BA2,517,L,G,0.005548,0.1126,0.009604
S2K146 - BA2,517,L,H,0.005638,0.1126,0.009604
S2K146 - BA2,517,L,I,0.005354,0.1126,0.009604
S2K146 - BA2,517,L,K,0.005575,0.1126,0.009604
S2K146 - BA2,517,L,M,0.007296,0.1126,0.009604
S2K146 - BA2,517,L,N,0.006345,0.1126,0.009604
S2K146 - BA2,517,L,P,0.006468,0.1126,0.009604
S2K146 - BA2,517,L,Q,0.006518,0.1126,0.009604
S2K146 - BA2,517,L,R,0.006136,0.1126,0.009604
S2K146 - BA2,517,L,S,0.005863,0.1126,0.009604
S2K146 - BA2,517,L,T,0.004843,0.1126,0.009604
S2K146 - BA2,517,L,V,0.005813,0.1126,0.009604
S2K146 - BA2,517,L,W,0.004293,0.1126,0.009604
S2K146 - BA2,517,L,Y,0.005447,0.1126,0.009604
S2K146 - BA2,518,L,A,0.004689,0.1094,0.007878
S2K146 - BA2,518,L,C,0.005148,0.1094,0.007878
S2K146 - BA2,518,L,D,0.005439,0.1094,0.007878
S2K146 - BA2,518,L,E,0.006084,0.1094,0.007878
S2K146 - BA2,518,L,F,0.005254,0.1094,0.007878
S2K146 - BA2,518,L,G,0.006471,0.1094,0.007878
S2K146 - BA2,518,L,H,0.006798,0.1094,0.007878
S2K146 - BA2,518,L,I,0.006758,0.1094,0.007878
S2K146 - BA2,518,L,K,0.007878,0.1094,0.007878
S2K146 - BA2,518,L,M,0.005272,0.1094,0.007878
S2K146 - BA2,518,L,N,0.007306,0.1094,0.007878
S2K146 - BA2,518,L,P,0.006104,0.1094,0.007878
S2K146 - BA2,518,L,Q,0.004981,0.1094,0.007878
S2K146 - BA2,518,L,R,0.00563,0.1094,0.007878
S2K146 - BA2,518,L,S,0.005116,0.1094,0.007878
S2K146 - BA2,518,L,T,0.00577,0.1094,0.007878
S2K146 - BA2,518,L,V,0.003989,0.1094,0.007878
S2K146 - BA2,518,L,W,0.004989,0.1094,0.007878
S2K146 - BA2,518,L,Y,0.005737,0.1094,0.007878
S2K146 - BA2,519,H,A,0.00819,0.1187,0.01253
S2K146 - BA2,519,H,C,0.004075,0.1187,0.01253
S2K146 - BA2,519,H,D,0.004914,0.1187,0.01253
S2K146 - BA2,519,H,E,0.006488,0.1187,0.01253
S2K146 - BA2,519,H,F,0.005251,0.1187,0.01253
S2K146 - BA2,519,H,G,0.01253,0.1187,0.01253
S2K146 - BA2,519,H,I,0.004803,0.1187,0.01253
S2K146 - BA2,519,H,K,0.005456,0.1187,0.01253
S2K146 - BA2,519,H,L,0.008595,0.1187,0.01253
S2K146 - BA2,519,H,M,0.005241,0.1187,0.01253
S2K146 - BA2,519,H,N,0.005876,0.1187,0.01253
S2K146 - BA2,519,H,P,0.006027,0.1187,0.01253
S2K146 - BA2,519,H,Q,0.007423,0.1187,0.01253
S2K146 - BA2,519,H,R,0.008108,0.1187,0.01253
S2K146 - BA2,519,H,S,0.005178,0.1187,0.01253
S2K146 - BA2,519,H,T,0.005609,0.1187,0.01253
S2K146 - BA2,519,H,V,0.005173,0.1187,0.01253
S2K146 - BA2,519,H,W,0.004801,0.1187,0.01253
S2K146 - BA2,519,H,Y,0.004936,0.1187,0.01253
S2K146 - BA2,520,A,C,0.004444,0.1236,0.008537
S2K146 - BA2,520,A,D,0.005591,0.1236,0.008537
S2K146 - BA2,520,A,E,0.005187,0.1236,0.008537
S2K146 - BA2,520,A,F,0.007407,0.1236,0.008537
S2K146 - BA2,520,A,G,0.007257,0.1236,0.008537
S2K146 - BA2,520,A,H,0.005607,0.1236,0.008537
S2K146 - BA2,520,A,I,0.006668,0.1236,0.008537
S2K146 - BA2,520,A,K,0.007064,0.1236,0.008537
S2K146 - BA2,520,A,L,0.008224,0.1236,0.008537
S2K146 - BA2,520,A,M,0.006308,0.1236,0.008537
S2K146 - BA2,520,A,N,0.006849,0.1236,0.008537
S2K146 - BA2,520,A,P,0.004907,0.1236,0.008537
S2K146 - BA2,520,A,Q,0.006285,0.1236,0.008537
S2K146 - BA2,520,A,R,0.004658,0.1236,0.008537
S2K146 - BA2,520,A,S,0.007006,0.1236,0.008537
S2K146 - BA2,520,A,T,0.007681,0.1236,0.008537
S2K146 - BA2,520,A,V,0.00804,0.1236,0.008537
S2K146 - BA2,520,A,W,0.005874,0.1236,0.008537
S2K146 - BA2,520,A,Y,0.008537,0.1236,0.008537
S2K146 - BA2,521,P,A,0.006086,0.08828,0.01099
S2K146 - BA2,521,P,C,0.006459,0.08828,0.01099
S2K146 - BA2,521,P,D,0.0053,0.08828,0.01099
S2K146 - BA2,521,P,E,0.004953,0.08828,0.01099
S2K146 - BA2,521,P,G,0.006001,0.08828,0.01099
S2K146 - BA2,521,P,H,0.004675,0.08828,0.01099
S2K146 - BA2,521,P,K,0.01099,0.08828,0.01099
S2K146 - BA2,521,P,M,0.006177,0.08828,0.01099
S2K146 - BA2,521,P,N,0.007037,0.08828,0.01099
S2K146 - BA2,521,P,Q,0.005368,0.08828,0.01099
S2K146 - BA2,521,P,R,0.00438,0.08828,0.01099
S2K146 - BA2,521,P,S,0.006366,0.08828,0.01099
S2K146 - BA2,521,P,T,0.003944,0.08828,0.01099
S2K146 - BA2,521,P,V,0.004638,0.08828,0.01099
S2K146 - BA2,521,P,Y,0.005907,0.08828,0.01099
S2K146 - BA2,522,A,C,0.005839,0.1043,0.008029
S2K146 - BA2,522,A,D,0.007027,0.1043,0.008029
S2K146 - BA2,522,A,E,0.005644,0.1043,0.008029
S2K146 - BA2,522,A,F,0.004632,0.1043,0.008029
S2K146 - BA2,522,A,G,0.00582,0.1043,0.008029
S2K146 - BA2,522,A,H,0.003962,0.1043,0.008029
S2K146 - BA2,522,A,I,0.004366,0.1043,0.008029
S2K146 - BA2,522,A,K,0.006891,0.1043,0.008029
S2K146 - BA2,522,A,L,0.005753,0.1043,0.008029
S2K146 - BA2,522,A,M,0.003748,0.1043,0.008029
S2K146 - BA2,522,A,N,0.005678,0.1043,0.008029
S2K146 - BA2,522,A,P,0.004982,0.1043,0.008029
S2K146 - BA2,522,A,Q,0.006859,0.1043,0.008029
S2K146 - BA2,522,A,R,0.008029,0.1043,0.008029
S2K146 - BA2,522,A,S,0.005289,0.1043,0.008029
S2K146 - BA2,522,A,T,0.004353,0.1043,0.008029
S2K146 - BA2,522,A,V,0.005268,0.1043,0.008029
S2K146 - BA2,522,A,W,0.004977,0.1043,0.008029
S2K146 - BA2,522,A,Y,0.005147,0.1043,0.008029
S2K146 - BA2,523,T,A,0.005973,0.116,0.008913
S2K146 - BA2,523,T,C,0.005942,0.116,0.008913
S2K146 - BA2,523,T,D,0.004826,0.116,0.008913
S2K146 - BA2,523,T,E,0.00487,0.116,0.008913
S2K146 - BA2,523,T,F,0.004818,0.116,0.008913
S2K146 - BA2,523,T,G,0.006228,0.116,0.008913
S2K146 - BA2,523,T,H,0.008913,0.116,0.008913
S2K146 - BA2,523,T,I,0.005675,0.116,0.008913
S2K146 - BA2,523,T,K,0.00826,0.116,0.008913
S2K146 - BA2,523,T,L,0.005395,0.116,0.008913
S2K146 - BA2,523,T,M,0.005417,0.116,0.008913
S2K146 - BA2,523,T,N,0.007199,0.116,0.008913
S2K146 - BA2,523,T,P,0.005051,0.116,0.008913
S2K146 - BA2,523,T,Q,0.004613,0.116,0.008913
S2K146 - BA2,523,T,R,0.005347,0.116,0.008913
S2K146 - BA2,523,T,S,0.007044,0.116,0.008913
S2K146 - BA2,523,T,V,0.008318,0.116,0.008913
S2K146 - BA2,523,T,W,0.006541,0.116,0.008913
S2K146 - BA2,523,T,Y,0.005598,0.116,0.008913
S2K146 - BA2,524,V,A,0.005849,0.1064,0.009005
S2K146 - BA2,524,V,C,0.005068,0.1064,0.009005
S2K146 - BA2,524,V,D,0.006422,0.1064,0.009005
S2K146 - BA2,524,V,E,0.005073,0.1064,0.009005
S2K146 - BA2,524,V,F,0.005625,0.1064,0.009005
S2K146 - BA2,524,V,G,0.005297,0.1064,0.009005
S2K146 - BA2,524,V,H,0.004618,0.1064,0.009005
S2K146 - BA2,524,V,I,0.00463,0.1064,0.009005
S2K146 - BA2,524,V,K,0.005527,0.1064,0.009005
S2K146 - BA2,524,V,L,0.00429,0.1064,0.009005
S2K146 - BA2,524,V,M,0.005724,0.1064,0.009005
S2K146 - BA2,524,V,N,0.006166,0.1064,0.009005
S2K146 - BA2,524,V,P,0.005753,0.1064,0.009005
S2K146 - BA2,524,V,Q,0.006871,0.1064,0.009005
S2K146 - BA2,524,V,R,0.005795,0.1064,0.009005
S2K146 - BA2,524,V,S,0.009005,0.1064,0.009005
S2K146 - BA2,524,V,T,0.005405,0.1064,0.009005
S2K146 - BA2,524,V,W,0.004609,0.1064,0.009005
S2K146 - BA2,524,V,Y,0.004693,0.1064,0.009005
S2K146 - BA2,526,G,A,0.006771,0.1191,0.01493
S2K146 - BA2,526,G,C,0.005177,0.1191,0.01493
S2K146 - BA2,526,G,D,0.005389,0.1191,0.01493
S2K146 - BA2,526,G,E,0.01157,0.1191,0.01493
S2K146 - BA2,526,G,F,0.005775,0.1191,0.01493
S2K146 - BA2,526,G,H,0.004955,0.1191,0.01493
S2K146 - BA2,526,G,I,0.005059,0.1191,0.01493
S2K146 - BA2,526,G,K,0.004982,0.1191,0.01493
S2K146 - BA2,526,G,L,0.006057,0.1191,0.01493
S2K146 - BA2,526,G,M,0.005692,0.1191,0.01493
S2K146 - BA2,526,G,N,0.005578,0.1191,0.01493
S2K146 - BA2,526,G,P,0.004291,0.1191,0.01493
S2K146 - BA2,526,G,Q,0.004848,0.1191,0.01493
S2K146 - BA2,526,G,R,0.004755,0.1191,0.01493
S2K146 - BA2,526,G,S,0.007372,0.1191,0.01493
S2K146 - BA2,526,G,T,0.01493,0.1191,0.01493
S2K146 - BA2,526,G,V,0.004292,0.1191,0.01493
S2K146 - BA2,526,G,W,0.005132,0.1191,0.01493
S2K146 - BA2,526,G,Y,0.006493,0.1191,0.01493
S2K146 - BA2,527,P,A,0.007283,0.118,0.009108
S2K146 - BA2,527,P,C,0.005408,0.118,0.009108
S2K146 - BA2,527,P,D,0.009108,0.118,0.009108
S2K146 - BA2,527,P,E,0.005184,0.118,0.009108
S2K146 - BA2,527,P,F,0.005044,0.118,0.009108
S2K146 - BA2,527,P,G,0.006101,0.118,0.009108
S2K146 - BA2,527,P,H,0.007639,0.118,0.009108
S2K146 - BA2,527,P,I,0.006055,0.118,0.009108
S2K146 - BA2,527,P,K,0.006614,0.118,0.009108
S2K146 - BA2,527,P,L,0.005319,0.118,0.009108
S2K146 - BA2,527,P,M,0.004998,0.118,0.009108
S2K146 - BA2,527,P,N,0.0085,0.118,0.009108
S2K146 - BA2,527,P,Q,0.005046,0.118,0.009108
S2K146 - BA2,527,P,R,0.004961,0.118,0.009108
S2K146 - BA2,527,P,S,0.005634,0.118,0.009108
S2K146 - BA2,527,P,T,0.006192,0.118,0.009108
S2K146 - BA2,527,P,V,0.007242,0.118,0.009108
S2K146 - BA2,527,P,W,0.006306,0.118,0.009108
S2K146 - BA2,527,P,Y,0.005343,0.118,0.009108
S2K146 - BA2,528,K,A,0.006015,0.1199,0.01111
S2K146 - BA2,528,K,C,0.004621,0.1199,0.01111
S2K146 - BA2,528,K,D,0.007504,0.1199,0.01111
S2K146 - BA2,528,K,E,0.006711,0.1199,0.01111
S2K146 - BA2,528,K,F,0.005342,0.1199,0.01111
S2K146 - BA2,528,K,G,0.005561,0.1199,0.01111
S2K146 - BA2,528,K,H,0.008715,0.1199,0.01111
S2K146 - BA2,528,K,I,0.006029,0.1199,0.01111
S2K146 - BA2,528,K,L,0.01111,0.1199,0.01111
S2K146 - BA2,528,K,M,0.005451,0.1199,0.01111
S2K146 - BA2,528,K,N,0.005453,0.1199,0.01111
S2K146 - BA2,528,K,P,0.006583,0.1199,0.01111
S2K146 - BA2,528,K,Q,0.006272,0.1199,0.01111
S2K146 - BA2,528,K,R,0.006726,0.1199,0.01111
S2K146 - BA2,528,K,S,0.008218,0.1199,0.01111
S2K146 - BA2,528,K,T,0.004403,0.1199,0.01111
S2K146 - BA2,528,K,V,0.005076,0.1199,0.01111
S2K146 - BA2,528,K,W,0.005321,0.1199,0.01111
S2K146 - BA2,528,K,Y,0.004819,0.1199,0.01111
S2K146 - BA2,529,K,A,0.003608,0.1097,0.01027
S2K146 - BA2,529,K,C,0.005788,0.1097,0.01027
S2K146 - BA2,529,K,D,0.004731,0.1097,0.01027
S2K146 - BA2,529,K,E,0.004675,0.1097,0.01027
S2K146 - BA2,529,K,F,0.005661,0.1097,0.01027
S2K146 - BA2,529,K,G,0.004672,0.1097,0.01027
S2K146 - BA2,529,K,H,0.004722,0.1097,0.01027
S2K146 - BA2,529,K,I,0.004727,0.1097,0.01027
S2K146 - BA2,529,K,L,0.004393,0.1097,0.01027
S2K146 - BA2,529,K,M,0.005427,0.1097,0.01027
S2K146 - BA2,529,K,N,0.01027,0.1097,0.01027
S2K146 - BA2,529,K,P,0.008405,0.1097,0.01027
S2K146 - BA2,529,K,Q,0.005106,0.1097,0.01027
S2K146 - BA2,529,K,R,0.0066,0.1097,0.01027
S2K146 - BA2,529,K,S,0.006289,0.1097,0.01027
S2K146 - BA2,529,K,T,0.006662,0.1097,0.01027
S2K146 - BA2,529,K,V,0.007282,0.1097,0.01027
S2K146 - BA2,529,K,W,0.004475,0.1097,0.01027
S2K146 - BA2,529,K,Y,0.006195,0.1097,0.01027
S2K146 - BA2,530,S,A,0.009259,0.1263,0.01149
S2K146 - BA2,530,S,C,0.004869,0.1263,0.01149
S2K146 - BA2,530,S,D,0.009909,0.1263,0.01149
S2K146 - BA2,530,S,E,0.004637,0.1263,0.01149
S2K146 - BA2,530,S,F,0.005804,0.1263,0.01149
S2K146 - BA2,530,S,G,0.005241,0.1263,0.01149
S2K146 - BA2,530,S,H,0.003895,0.1263,0.01149
S2K146 - BA2,530,S,I,0.01149,0.1263,0.01149
S2K146 - BA2,530,S,K,0.00847,0.1263,0.01149
S2K146 - BA2,530,S,L,0.004923,0.1263,0.01149
S2K146 - BA2,530,S,M,0.005011,0.1263,0.01149
S2K146 - BA2,530,S,N,0.005487,0.1263,0.01149
S2K146 - BA2,530,S,P,0.008049,0.1263,0.01149
S2K146 - BA2,530,S,Q,0.004972,0.1263,0.01149
S2K146 - BA2,530,S,R,0.006774,0.1263,0.01149
S2K146 - BA2,530,S,T,0.006891,0.1263,0.01149
S2K146 - BA2,530,S,V,0.005357,0.1263,0.01149
S2K146 - BA2,530,S,W,0.00939,0.1263,0.01149
S2K146 - BA2,530,S,Y,0.005901,0.1263,0.01149
S2K146 - BA2,531,T,A,0.004442,0.1155,0.01101
S2K146 - BA2,531,T,C,0.005022,0.1155,0.01101
S2K146 - BA2,531,T,D,0.004946,0.1155,0.01101
S2K146 - BA2,531,T,E,0.004292,0.1155,0.01101
S2K146 - BA2,531,T,F,0.006426,0.1155,0.01101
S2K146 - BA2,531,T,G,0.005419,0.1155,0.01101
S2K146 - BA2,531,T,H,0.005112,0.1155,0.01101
S2K146 - BA2,531,T,I,0.006142,0.1155,0.01101
S2K146 - BA2,531,T,K,0.007268,0.1155,0.01101
S2K146 - BA2,531,T,L,0.008782,0.1155,0.01101
S2K146 - BA2,531,T,M,0.01101,0.1155,0.01101
S2K146 - BA2,531,T,N,0.003921,0.1155,0.01101
S2K146 - BA2,531,T,P,0.005584,0.1155,0.01101
S2K146 - BA2,531,T,Q,0.004493,0.1155,0.01101
S2K146 - BA2,531,T,R,0.005093,0.1155,0.01101
S2K146 - BA2,531,T,S,0.00642,0.1155,0.01101
S2K146 - BA2,531,T,V,0.005316,0.1155,0.01101
S2K146 - BA2,531,T,W,0.007357,0.1155,0.01101
S2K146 - BA2,531,T,Y,0.008421,0.1155,0.01101
