isite,site,wildtype,mutant,count,n_countries,frequency
87,417,K,N,4660,66,0.002413393609478733
116,446,G,V,4617,92,0.0023911240976316117
147,477,S,I,3806,70,0.001971110746282416
192,522,A,V,3574,53,0.0018509589614328307
154,484,E,Q,2449,73,0.0012683263840372139
122,452,R,L,1737,50,0.0008995846994988324
37,367,V,L,1706,35,0.0008835299351439309
81,411,A,S,1680,37,0.0008700646489107878
149,479,P,S,1527,51,0.000790826618384984
153,483,V,F,1465,52,0.000758717089675181
192,522,A,S,1167,45,0.0006043841936183865
78,408,R,I,985,31,0.0005101271899863846
164,494,S,L,893,49,0.00046248079254603187
190,520,A,S,834,40,0.00043192495070928396
129,459,S,F,789,21,0.00040861964761345926
171,501,N,Y,785,43,0.00040654806511605264
148,478,K,T,762,44,0.00039463646575596447
24,354,N,K,755,31,0.0003910111963855029
18,348,A,S,731,38,0.00037858170140106306
125,455,L,F,692,49,0.0003583837720513483
84,414,Q,H,678,14,0.00035113323331042507
14,344,A,S,678,34,0.00035113323331042507
130,460,N,S,607,16,0.00031436264398145724
163,493,Q,E,590,18,0.00030555841836747905
46,376,T,I,579,35,0.0002998615664996108
149,479,P,L,522,35,0.00027034151591156624
154,484,E,K,504,46,0.00026101939467323634
178,508,Y,H,490,38,0.0002537688559323131
147,477,S,G,489,23,0.00025325096030796146
54,384,P,L,480,30,0.0002485898996887965
186,516,E,Q,470,31,0.00024341094344527994
52,382,V,L,461,33,0.000238749882826115
97,427,D,V,454,9,0.00023512461345565338
164,494,S,P,450,41,0.00023305303095824673
184,514,S,F,449,29,0.00023253513533389507
146,476,G,S,423,34,0.00021906984910075193
16,346,R,I,406,25,0.00021026562348677372
133,463,P,S,403,29,0.00020871193661371875
160,490,F,L,370,34,0.00019162138101011398
32,362,V,F,363,21,0.00018799611163965236
140,470,T,I,341,34,0.00017660240790391587
114,444,K,N,341,40,0.00017660240790391587
199,529,K,T,334,11,0.00017297713853345423
154,484,E,A,334,28,0.00017297713853345423
104,434,I,V,328,20,0.00016986976478734428
71,401,V,L,321,32,0.00016624449541688266
198,528,K,G,320,7,0.000165726599792531
200,530,S,N,320,7,0.000165726599792531
89,419,A,S,313,35,0.0001621013304220694
37,367,V,F,303,30,0.0001569223741785528
22,352,A,S,298,30,0.00015433289605679452
43,373,S,L,285,30,0.00014760025294022292
194,524,V,I,285,3,0.00014760025294022292
196,526,G,T,280,6,0.00014501077481846465
195,525,C,I,280,6,0.00014501077481846465
199,529,K,Q,278,2,0.0001439749835697613
193,523,T,G,277,1,0.00014345708794540965
196,526,G,A,276,1,0.000142939192321058
200,530,S,T,271,3,0.0001403497141992997
197,527,P,S,270,2,0.00013983181857494804
193,523,T,S,268,2,0.00013879602732624473
141,471,E,Q,266,23,0.0001377602360775414
198,528,K,Y,266,1,0.0001377602360775414
201,531,T,Q,265,1,0.00013724234045318974
8,338,F,L,261,13,0.00013517075795578312
160,490,F,S,245,26,0.00012688442796615656
55,385,T,I,232,30,0.00012015178484958499
149,479,P,R,231,5,0.00011963388922523332
97,427,D,G,229,27,0.00011859809797653001
173,503,V,F,225,25,0.00011652651547912336
144,474,Q,H,222,28,0.00011497282860606839
37,367,V,I,222,19,0.00011497282860606839
116,446,G,S,216,30,0.00011186545485995843
98,428,D,E,213,3,0.00011031176798690345
134,464,F,L,209,21,0.00010824018548949682
96,426,P,S,205,13,0.00010616860299209018
105,435,A,S,203,15,0.00010513281174338686
114,444,K,R,187,20,9.684648175376031e-05
192,522,A,P,173,17,8.959594301283707e-05
78,408,R,G,172,6,8.907804738848542e-05
145,475,A,S,171,21,8.856015176413376e-05
122,452,R,Q,170,26,8.80422561397821e-05
153,483,V,I,169,14,8.752436051543044e-05
54,384,P,S,165,23,8.54527780180238e-05
147,477,S,N,162,22,8.389909114496883e-05
84,414,Q,K,160,22,8.28632998962655e-05
16,346,R,K,157,22,8.130961302321053e-05
22,352,A,V,156,23,8.079171739885887e-05
40,370,N,S,155,8,8.027382177450722e-05
103,433,V,I,153,22,7.923803052580389e-05
126,456,F,L,151,15,7.820223927710057e-05
187,517,L,F,150,22,7.768434365274891e-05
14,344,A,T,144,11,7.457696990663896e-05
145,475,A,V,136,20,7.043380491182568e-05
97,427,D,H,133,17,6.88801180387707e-05
173,503,V,I,132,22,6.836222241441904e-05
73,403,R,K,132,7,6.836222241441904e-05
97,427,D,Y,130,31,6.732643116571572e-05
26,356,K,N,125,11,6.473695304395743e-05
45,375,S,F,124,15,6.421905741960576e-05
84,414,Q,R,123,14,6.370116179525411e-05
115,445,V,I,119,17,6.162957929784747e-05
128,458,K,N,117,20,6.059378804914415e-05
199,529,K,N,117,20,6.059378804914415e-05
26,356,K,E,116,8,6.0075892424792495e-05
16,346,R,S,114,17,5.904010117608917e-05
9,339,G,D,112,17,5.8004309927385855e-05
7,337,P,L,110,15,5.696851867868254e-05
42,372,A,V,110,24,5.696851867868254e-05
19,349,S,P,109,14,5.6450623054330876e-05
140,470,T,N,107,10,5.541483180562756e-05
169,499,P,S,106,16,5.48969361812759e-05
100,430,T,I,105,20,5.4379040556924236e-05
9,339,G,S,105,11,5.4379040556924236e-05
80,410,I,V,103,11,5.334324930822092e-05
169,499,P,R,103,17,5.334324930822092e-05
24,354,N,T,103,5,5.334324930822092e-05
26,356,K,R,101,10,5.23074580595176e-05
152,482,G,V,100,17,5.178956243516594e-05
183,513,L,F,99,17,5.1271666810814285e-05
161,491,P,S,98,18,5.0753771186462624e-05
104,434,I,M,96,6,4.971797993775931e-05
29,359,S,N,94,19,4.868218868905598e-05
171,501,N,S,94,14,4.868218868905598e-05
44,374,F,L,93,18,4.816429306470433e-05
67,397,A,V,93,5,4.816429306470433e-05
7,337,P,S,88,14,4.5574814942946026e-05
16,346,R,G,88,14,4.5574814942946026e-05
128,458,K,R,86,6,4.453902369424271e-05
24,354,N,S,85,10,4.402112806989105e-05
184,514,S,T,85,6,4.402112806989105e-05
26,356,K,Q,85,3,4.402112806989105e-05
155,485,G,V,84,17,4.350323244553939e-05
153,483,V,L,83,16,4.298533682118773e-05
169,499,P,L,83,13,4.298533682118773e-05
48,378,K,M,81,2,4.1949545572484414e-05
110,440,N,Y,80,11,4.143164994813275e-05
43,373,S,P,79,14,4.091375432378109e-05
33,363,A,V,79,5,4.091375432378109e-05
78,408,R,S,78,9,4.0395858699429436e-05
46,376,T,N,78,9,4.0395858699429436e-05
154,484,E,D,77,19,3.9877963075077774e-05
75,405,D,Y,77,21,3.9877963075077774e-05
27,357,R,K,77,10,3.9877963075077774e-05
115,445,V,F,76,15,3.936006745072612e-05
154,484,E,G,76,18,3.936006745072612e-05
163,493,Q,L,75,12,3.884217182637446e-05
114,444,K,M,74,3,3.8324276202022795e-05
115,445,V,A,73,16,3.780638057767114e-05
154,484,E,V,72,20,3.728848495331948e-05
191,521,P,S,72,12,3.728848495331948e-05
48,378,K,N,71,13,3.677058932896782e-05
171,501,N,T,71,13,3.677058932896782e-05
116,446,G,A,70,8,3.625269370461616e-05
148,478,K,R,69,12,3.57347980802645e-05
42,372,A,P,67,4,3.469900683156118e-05
153,483,V,A,66,11,3.418111120720952e-05
174,504,G,S,66,11,3.418111120720952e-05
71,401,V,I,64,10,3.3145319958506205e-05
122,452,R,W,64,17,3.3145319958506205e-05
97,427,D,A,62,8,3.210952870980288e-05
24,354,N,D,62,9,3.210952870980288e-05
10,340,E,D,62,9,3.210952870980288e-05
83,413,G,R,60,6,3.1073737461099564e-05
139,469,S,A,60,7,3.1073737461099564e-05
15,345,T,S,59,3,3.05558418367479e-05
177,507,P,S,59,12,3.05558418367479e-05
5,335,L,F,58,14,3.0037946212396247e-05
83,413,G,V,56,18,2.9002154963692927e-05
37,367,V,A,56,9,2.9002154963692927e-05
111,441,L,F,54,10,2.7966363714989607e-05
168,498,Q,R,53,15,2.744846809063795e-05
81,411,A,V,53,12,2.744846809063795e-05
152,482,G,D,53,9,2.744846809063795e-05
32,362,V,L,53,3,2.744846809063795e-05
187,517,L,I,53,16,2.744846809063795e-05
10,340,E,A,51,4,2.641267684193463e-05
85,415,T,N,51,5,2.641267684193463e-05
135,465,E,D,50,17,2.589478121758297e-05
155,485,G,S,50,9,2.589478121758297e-05
191,521,P,L,50,13,2.589478121758297e-05
152,482,G,S,50,8,2.589478121758297e-05
77,407,V,I,50,6,2.589478121758297e-05
149,479,P,H,49,9,2.5376885593231312e-05
98,428,D,G,49,17,2.5376885593231312e-05
3,333,T,I,47,13,2.434109434452799e-05
9,339,G,C,46,11,2.3823198720176333e-05
114,444,K,T,45,7,2.3305303095824675e-05
188,518,L,I,44,6,2.2787407471473013e-05
160,490,F,V,44,10,2.2787407471473013e-05
14,344,A,V,44,12,2.2787407471473013e-05
10,340,E,K,43,12,2.2269511847121355e-05
75,405,D,G,43,14,2.2269511847121355e-05
72,402,I,V,42,11,2.1751616222769696e-05
1,331,N,S,42,3,2.1751616222769696e-05
1,331,N,H,42,7,2.1751616222769696e-05
64,394,N,S,42,9,2.1751616222769696e-05
132,462,K,Q,41,2,2.1233720598418035e-05
11,341,V,I,40,9,2.0715824974066376e-05
174,504,G,D,39,12,2.0197929349714718e-05
174,504,G,N,39,4,2.0197929349714718e-05
98,428,D,Y,39,13,2.0197929349714718e-05
84,414,Q,L,39,6,2.0197929349714718e-05
81,411,A,T,38,13,1.968003372536306e-05
29,359,S,G,38,9,1.968003372536306e-05
5,335,L,V,37,7,1.9162138101011398e-05
18,348,A,V,37,11,1.9162138101011398e-05
12,342,F,L,37,7,1.9162138101011398e-05
110,440,N,T,36,10,1.864424247665974e-05
164,494,S,A,36,3,1.864424247665974e-05
171,501,N,I,35,8,1.812634685230808e-05
88,418,I,V,35,4,1.812634685230808e-05
97,427,D,N,35,5,1.812634685230808e-05
45,375,S,P,34,7,1.760845122795642e-05
76,406,E,Q,34,11,1.760845122795642e-05
47,377,F,L,33,5,1.709055560360476e-05
136,466,R,I,33,10,1.709055560360476e-05
147,477,S,R,33,6,1.709055560360476e-05
169,499,P,H,33,8,1.709055560360476e-05
155,485,G,R,32,9,1.6572659979253102e-05
129,459,S,Y,31,3,1.605476435490144e-05
111,441,L,I,30,7,1.5536868730549782e-05
138,468,I,V,30,11,1.5536868730549782e-05
151,481,N,K,29,6,1.5018973106198124e-05
120,450,N,D,29,9,1.5018973106198124e-05
18,348,A,T,29,12,1.5018973106198124e-05
28,358,I,V,29,8,1.5018973106198124e-05
87,417,K,T,29,10,1.5018973106198124e-05
25,355,R,S,29,4,1.5018973106198124e-05
83,413,G,W,28,10,1.4501077481846464e-05
180,510,V,L,28,9,1.4501077481846464e-05
173,503,V,A,28,5,1.4501077481846464e-05
199,529,K,R,28,3,1.4501077481846464e-05
135,465,E,A,27,4,1.3983181857494804e-05
65,395,V,L,27,6,1.3983181857494804e-05
59,389,D,G,27,9,1.3983181857494804e-05
121,451,Y,H,27,8,1.3983181857494804e-05
163,493,Q,H,27,10,1.3983181857494804e-05
190,520,A,V,27,9,1.3983181857494804e-05
87,417,K,R,26,7,1.3465286233143145e-05
104,434,I,T,26,8,1.3465286233143145e-05
152,482,G,R,25,8,1.2947390608791485e-05
151,481,N,D,25,2,1.2947390608791485e-05
41,371,S,T,25,3,1.2947390608791485e-05
193,523,T,I,25,8,1.2947390608791485e-05
109,439,N,K,24,8,1.2429494984439827e-05
189,519,H,Y,24,6,1.2429494984439827e-05
29,359,S,R,24,4,1.2429494984439827e-05
170,500,T,S,24,3,1.2429494984439827e-05
182,512,V,I,24,8,1.2429494984439827e-05
90,420,D,N,24,8,1.2429494984439827e-05
50,380,Y,F,24,5,1.2429494984439827e-05
21,351,Y,F,23,6,1.1911599360088167e-05
63,393,T,I,23,4,1.1911599360088167e-05
116,446,G,D,23,8,1.1911599360088167e-05
183,513,L,I,23,6,1.1911599360088167e-05
147,477,S,T,22,7,1.1393703735736507e-05
199,529,K,E,22,5,1.1393703735736507e-05
142,472,I,T,22,7,1.1393703735736507e-05
7,337,P,H,21,9,1.0875808111384848e-05
46,376,T,S,21,6,1.0875808111384848e-05
181,511,V,L,21,8,1.0875808111384848e-05
76,406,E,D,21,6,1.0875808111384848e-05
29,359,S,I,20,5,1.0357912487033188e-05
38,368,L,I,20,8,1.0357912487033188e-05
117,447,G,V,20,7,1.0357912487033188e-05
141,471,E,G,20,4,1.0357912487033188e-05
169,499,P,T,20,3,1.0357912487033188e-05
110,440,N,K,20,7,1.0357912487033188e-05
7,337,P,T,19,3,9.84001686268153e-06
26,356,K,M,19,9,9.84001686268153e-06
148,478,K,I,19,6,9.84001686268153e-06
78,408,R,K,19,2,9.84001686268153e-06
135,465,E,G,19,9,9.84001686268153e-06
130,460,N,Y,19,8,9.84001686268153e-06
193,523,T,N,19,6,9.84001686268153e-06
9,339,G,V,18,5,9.32212123832987e-06
163,493,Q,P,18,2,9.32212123832987e-06
127,457,R,S,17,8,8.80422561397821e-06
67,397,A,T,17,5,8.80422561397821e-06
85,415,T,A,17,7,8.80422561397821e-06
146,476,G,D,17,7,8.80422561397821e-06
155,485,G,A,17,8,8.80422561397821e-06
123,453,Y,F,17,6,8.80422561397821e-06
153,483,V,G,16,5,8.286329989626551e-06
145,475,A,T,16,6,8.286329989626551e-06
128,458,K,E,16,3,8.286329989626551e-06
4,334,N,K,16,8,8.286329989626551e-06
151,481,N,I,16,6,8.286329989626551e-06
32,362,V,I,16,8,8.286329989626551e-06
144,474,Q,E,16,5,8.286329989626551e-06
60,390,L,F,16,6,8.286329989626551e-06
105,435,A,T,15,6,7.768434365274891e-06
24,354,N,H,15,6,7.768434365274891e-06
39,369,Y,H,15,5,7.768434365274891e-06
151,481,N,S,15,6,7.768434365274891e-06
106,436,W,L,15,4,7.768434365274891e-06
16,346,R,T,15,4,7.768434365274891e-06
67,397,A,S,15,7,7.768434365274891e-06
198,528,K,R,15,3,7.768434365274891e-06
144,474,Q,R,14,6,7.250538740923232e-06
166,496,G,V,14,3,7.250538740923232e-06
192,522,A,Q,14,5,7.250538740923232e-06
181,511,V,I,14,4,7.250538740923232e-06
7,337,P,R,14,1,7.250538740923232e-06
75,405,D,N,14,5,7.250538740923232e-06
184,514,S,Y,14,3,7.250538740923232e-06
120,450,N,K,14,6,7.250538740923232e-06
10,340,E,Q,14,6,7.250538740923232e-06
130,460,N,T,14,3,7.250538740923232e-06
73,403,R,I,13,7,6.732643116571573e-06
118,448,N,K,13,4,6.732643116571573e-06
55,385,T,N,13,6,6.732643116571573e-06
39,369,Y,C,13,6,6.732643116571573e-06
87,417,K,E,13,2,6.732643116571573e-06
23,353,W,F,13,3,6.732643116571573e-06
51,381,G,R,13,6,6.732643116571573e-06
149,479,P,T,13,4,6.732643116571573e-06
65,395,V,F,13,4,6.732643116571573e-06
24,354,N,Y,13,6,6.732643116571573e-06
1,331,N,Y,13,2,6.732643116571573e-06
89,419,A,T,13,5,6.732643116571573e-06
3,333,T,A,13,6,6.732643116571573e-06
43,373,S,A,13,4,6.732643116571573e-06
185,515,F,L,12,8,6.214747492219913e-06
48,378,K,R,12,6,6.214747492219913e-06
164,494,S,T,12,5,6.214747492219913e-06
3,333,T,K,12,6,6.214747492219913e-06
141,471,E,V,12,5,6.214747492219913e-06
131,461,L,I,12,2,6.214747492219913e-06
141,471,E,D,12,3,6.214747492219913e-06
130,460,N,K,12,4,6.214747492219913e-06
12,342,F,I,12,1,6.214747492219913e-06
129,459,S,P,12,3,6.214747492219913e-06
22,352,A,T,12,3,6.214747492219913e-06
90,420,D,Y,11,6,5.696851867868253e-06
163,493,Q,R,11,1,5.696851867868253e-06
116,446,G,R,11,4,5.696851867868253e-06
180,510,V,I,11,6,5.696851867868253e-06
20,350,V,I,11,3,5.696851867868253e-06
73,403,R,T,11,4,5.696851867868253e-06
4,334,N,Y,11,3,5.696851867868253e-06
143,473,Y,H,11,2,5.696851867868253e-06
22,352,A,D,11,3,5.696851867868253e-06
129,459,S,A,10,1,5.178956243516594e-06
113,443,S,A,10,5,5.178956243516594e-06
142,472,I,F,10,3,5.178956243516594e-06
200,530,S,A,10,1,5.178956243516594e-06
201,531,T,R,10,1,5.178956243516594e-06
174,504,G,V,10,5,5.178956243516594e-06
98,428,D,A,10,5,5.178956243516594e-06
8,338,F,Y,10,1,5.178956243516594e-06
156,486,F,L,10,4,5.178956243516594e-06
139,469,S,L,10,5,5.178956243516594e-06
160,490,F,I,10,5,5.178956243516594e-06
42,372,A,T,10,4,5.178956243516594e-06
45,375,S,A,10,6,5.178956243516594e-06
89,419,A,V,10,5,5.178956243516594e-06
21,351,Y,H,10,5,5.178956243516594e-06
36,366,S,F,10,7,5.178956243516594e-06
144,474,Q,K,9,3,4.661060619164935e-06
64,394,N,I,9,3,4.661060619164935e-06
142,472,I,L,9,4,4.661060619164935e-06
141,471,E,A,9,6,4.661060619164935e-06
142,472,I,V,9,6,4.661060619164935e-06
191,521,P,T,9,4,4.661060619164935e-06
54,384,P,H,9,3,4.661060619164935e-06
58,388,N,S,9,4,4.661060619164935e-06
54,384,P,A,9,4,4.661060619164935e-06
18,348,A,E,9,6,4.661060619164935e-06
146,476,G,V,9,5,4.661060619164935e-06
42,372,A,S,9,2,4.661060619164935e-06
74,404,G,C,9,5,4.661060619164935e-06
27,357,R,I,9,4,4.661060619164935e-06
83,413,G,E,8,3,4.1431649948132756e-06
45,375,S,Y,8,4,4.1431649948132756e-06
170,500,T,A,8,5,4.1431649948132756e-06
63,393,T,S,8,1,4.1431649948132756e-06
41,371,S,A,8,3,4.1431649948132756e-06
171,501,N,K,8,5,4.1431649948132756e-06
33,363,A,S,8,6,4.1431649948132756e-06
30,360,N,Y,8,5,4.1431649948132756e-06
75,405,D,E,8,4,4.1431649948132756e-06
75,405,D,A,8,4,4.1431649948132756e-06
118,448,N,T,8,4,4.1431649948132756e-06
118,448,N,S,8,4,4.1431649948132756e-06
156,486,F,S,8,4,4.1431649948132756e-06
54,384,P,R,8,3,4.1431649948132756e-06
168,498,Q,H,8,3,4.1431649948132756e-06
104,434,I,L,8,5,4.1431649948132756e-06
186,516,E,K,8,3,4.1431649948132756e-06
130,460,N,D,8,3,4.1431649948132756e-06
193,523,T,A,8,5,4.1431649948132756e-06
85,415,T,I,8,4,4.1431649948132756e-06
18,348,A,P,8,1,4.1431649948132756e-06
5,335,L,S,8,2,4.1431649948132756e-06
128,458,K,T,7,4,3.625269370461616e-06
46,376,T,A,7,5,3.625269370461616e-06
140,470,T,S,7,4,3.625269370461616e-06
127,457,R,M,7,6,3.625269370461616e-06
19,349,S,A,7,3,3.625269370461616e-06
167,497,F,S,7,2,3.625269370461616e-06
114,444,K,E,7,3,3.625269370461616e-06
117,447,G,S,7,3,3.625269370461616e-06
128,458,K,M,7,5,3.625269370461616e-06
171,501,N,H,7,4,3.625269370461616e-06
106,436,W,F,7,5,3.625269370461616e-06
166,496,G,S,7,2,3.625269370461616e-06
111,441,L,R,7,2,3.625269370461616e-06
20,350,V,A,7,4,3.625269370461616e-06
59,389,D,N,7,5,3.625269370461616e-06
79,409,Q,K,7,4,3.625269370461616e-06
59,389,D,H,7,2,3.625269370461616e-06
80,410,I,T,7,1,3.625269370461616e-06
98,428,D,V,7,4,3.625269370461616e-06
118,448,N,D,6,2,3.1073737461099567e-06
62,392,F,L,6,2,3.1073737461099567e-06
190,520,A,T,6,5,3.1073737461099567e-06
4,334,N,S,6,2,3.1073737461099567e-06
59,389,D,E,6,2,3.1073737461099567e-06
123,453,Y,H,6,4,3.1073737461099567e-06
132,462,K,E,6,4,3.1073737461099567e-06
74,404,G,V,6,4,3.1073737461099567e-06
10,340,E,G,6,3,3.1073737461099567e-06
172,502,G,E,6,2,3.1073737461099567e-06
94,424,K,N,6,2,3.1073737461099567e-06
151,481,N,Y,6,5,3.1073737461099567e-06
91,421,Y,F,6,4,3.1073737461099567e-06
138,468,I,T,6,6,3.1073737461099567e-06
161,491,P,L,6,3,3.1073737461099567e-06
138,468,I,F,6,4,3.1073737461099567e-06
90,420,D,A,6,4,3.1073737461099567e-06
107,437,N,S,6,3,3.1073737461099567e-06
14,344,A,D,6,3,3.1073737461099567e-06
162,492,L,F,6,3,3.1073737461099567e-06
83,413,G,A,6,5,3.1073737461099567e-06
13,343,N,Y,6,2,3.1073737461099567e-06
10,340,E,V,6,4,3.1073737461099567e-06
173,503,V,D,6,2,3.1073737461099567e-06
30,360,N,S,6,4,3.1073737461099567e-06
72,402,I,L,5,4,2.589478121758297e-06
159,489,Y,H,5,3,2.589478121758297e-06
59,389,D,Y,5,3,2.589478121758297e-06
143,473,Y,F,5,3,2.589478121758297e-06
105,435,A,V,5,4,2.589478121758297e-06
128,458,K,Q,5,2,2.589478121758297e-06
73,403,R,S,5,5,2.589478121758297e-06
175,505,Y,H,5,2,2.589478121758297e-06
198,528,K,Q,5,1,2.589478121758297e-06
74,404,G,R,5,3,2.589478121758297e-06
74,404,G,A,5,3,2.589478121758297e-06
174,504,G,C,5,4,2.589478121758297e-06
130,460,N,I,5,4,2.589478121758297e-06
186,516,E,G,5,3,2.589478121758297e-06
73,403,R,G,5,4,2.589478121758297e-06
62,392,F,S,5,2,2.589478121758297e-06
155,485,G,D,5,3,2.589478121758297e-06
111,441,L,P,5,2,2.589478121758297e-06
189,519,H,R,5,4,2.589478121758297e-06
39,369,Y,S,5,1,2.589478121758297e-06
165,495,Y,H,5,2,2.589478121758297e-06
23,353,W,Y,5,3,2.589478121758297e-06
64,394,N,T,5,4,2.589478121758297e-06
140,470,T,A,5,2,2.589478121758297e-06
125,455,L,M,5,2,2.589478121758297e-06
125,455,L,S,5,3,2.589478121758297e-06
173,503,V,C,5,4,2.589478121758297e-06
119,449,Y,H,5,3,2.589478121758297e-06
132,462,K,R,4,3,2.0715824974066378e-06
191,521,P,Q,4,3,2.0715824974066378e-06
191,521,P,R,4,3,2.0715824974066378e-06
133,463,P,F,4,4,2.0715824974066378e-06
40,370,N,K,4,4,2.0715824974066378e-06
151,481,N,T,4,1,2.0715824974066378e-06
132,462,K,I,4,2,2.0715824974066378e-06
40,370,N,T,4,3,2.0715824974066378e-06
97,427,D,E,4,3,2.0715824974066378e-06
36,366,S,T,4,2,2.0715824974066378e-06
78,408,R,T,4,3,2.0715824974066378e-06
173,503,V,G,4,4,2.0715824974066378e-06
142,472,I,M,4,4,2.0715824974066378e-06
184,514,S,A,4,1,2.0715824974066378e-06
90,420,D,G,4,3,2.0715824974066378e-06
22,352,A,G,4,1,2.0715824974066378e-06
170,500,T,I,4,1,2.0715824974066378e-06
163,493,Q,K,4,2,2.0715824974066378e-06
110,440,N,S,4,1,2.0715824974066378e-06
28,358,I,L,4,1,2.0715824974066378e-06
112,442,D,Y,4,3,2.0715824974066378e-06
188,518,L,P,4,3,2.0715824974066378e-06
60,390,L,I,4,4,2.0715824974066378e-06
113,443,S,F,4,2,2.0715824974066378e-06
77,407,V,L,4,3,2.0715824974066378e-06
30,360,N,K,4,1,2.0715824974066378e-06
75,405,D,H,4,4,2.0715824974066378e-06
74,404,G,S,4,4,2.0715824974066378e-06
200,530,S,P,4,4,2.0715824974066378e-06
117,447,G,F,4,2,2.0715824974066378e-06
118,448,N,I,4,2,2.0715824974066378e-06
156,486,F,I,4,1,2.0715824974066378e-06
69,399,S,A,4,1,2.0715824974066378e-06
34,364,D,Y,4,2,2.0715824974066378e-06
65,395,V,A,4,4,2.0715824974066378e-06
30,360,N,T,4,1,2.0715824974066378e-06
141,471,E,K,3,3,1.5536868730549783e-06
151,481,N,H,3,1,1.5536868730549783e-06
174,504,G,L,3,3,1.5536868730549783e-06
174,504,G,E,3,1,1.5536868730549783e-06
77,407,V,F,3,3,1.5536868730549783e-06
133,463,P,L,3,3,1.5536868730549783e-06
189,519,H,Q,3,3,1.5536868730549783e-06
66,396,Y,F,3,2,1.5536868730549783e-06
127,457,R,K,3,2,1.5536868730549783e-06
190,520,A,P,3,3,1.5536868730549783e-06
53,383,S,F,3,2,1.5536868730549783e-06
50,380,Y,H,3,2,1.5536868730549783e-06
192,522,A,T,3,1,1.5536868730549783e-06
45,375,S,T,3,3,1.5536868730549783e-06
195,525,C,F,3,3,1.5536868730549783e-06
196,526,G,S,3,2,1.5536868730549783e-06
37,367,V,H,3,2,1.5536868730549783e-06
36,366,S,Y,3,3,1.5536868730549783e-06
33,363,A,T,3,2,1.5536868730549783e-06
30,360,N,D,3,1,1.5536868730549783e-06
28,358,I,F,3,1,1.5536868730549783e-06
198,528,K,E,3,3,1.5536868730549783e-06
26,356,K,T,3,2,1.5536868730549783e-06
198,528,K,S,3,3,1.5536868730549783e-06
198,528,K,T,3,2,1.5536868730549783e-06
14,344,A,G,3,3,1.5536868730549783e-06
201,531,T,N,3,1,1.5536868730549783e-06
201,531,T,S,3,3,1.5536868730549783e-06
66,396,Y,H,3,3,1.5536868730549783e-06
64,394,N,D,3,3,1.5536868730549783e-06
189,519,H,L,3,3,1.5536868730549783e-06
87,417,K,M,3,2,1.5536868730549783e-06
178,508,Y,C,3,2,1.5536868730549783e-06
123,453,Y,S,3,1,1.5536868730549783e-06
179,509,R,S,3,1,1.5536868730549783e-06
109,439,N,I,3,1,1.5536868730549783e-06
100,430,T,A,3,3,1.5536868730549783e-06
91,421,Y,H,3,3,1.5536868730549783e-06
91,421,Y,C,3,1,1.5536868730549783e-06
87,417,K,Q,3,1,1.5536868730549783e-06
173,503,V,S,3,2,1.5536868730549783e-06
152,482,G,C,3,1,1.5536868730549783e-06
85,415,T,P,3,2,1.5536868730549783e-06
75,405,D,V,3,2,1.5536868730549783e-06
79,409,Q,L,3,3,1.5536868730549783e-06
79,409,Q,H,3,3,1.5536868730549783e-06
77,407,V,A,3,1,1.5536868730549783e-06
85,415,T,S,3,3,1.5536868730549783e-06
173,503,V,Y,2,2,1.0357912487033189e-06
155,485,G,F,2,1,1.0357912487033189e-06
172,502,G,L,2,2,1.0357912487033189e-06
172,502,G,N,2,2,1.0357912487033189e-06
166,496,G,C,2,2,1.0357912487033189e-06
168,498,Q,L,2,1,1.0357912487033189e-06
171,501,N,C,2,2,1.0357912487033189e-06
152,482,G,N,2,1,1.0357912487033189e-06
173,503,V,T,2,2,1.0357912487033189e-06
157,487,N,D,2,1,1.0357912487033189e-06
170,500,T,F,2,2,1.0357912487033189e-06
163,493,Q,T,2,1,1.0357912487033189e-06
162,492,L,S,2,2,1.0357912487033189e-06
172,502,G,S,2,2,1.0357912487033189e-06
88,418,I,T,2,2,1.0357912487033189e-06
150,480,C,S,2,2,1.0357912487033189e-06
41,371,S,P,2,1,1.0357912487033189e-06
42,372,A,G,2,2,1.0357912487033189e-06
192,522,A,G,2,1,1.0357912487033189e-06
192,522,A,E,2,1,1.0357912487033189e-06
59,389,D,V,2,2,1.0357912487033189e-06
190,520,A,E,2,2,1.0357912487033189e-06
71,401,V,A,2,1,1.0357912487033189e-06
72,402,I,T,2,2,1.0357912487033189e-06
74,404,G,F,2,2,1.0357912487033189e-06
188,518,L,V,2,2,1.0357912487033189e-06
80,410,I,L,2,1,1.0357912487033189e-06
81,411,A,G,2,1,1.0357912487033189e-06
187,517,L,P,2,2,1.0357912487033189e-06
82,412,P,L,2,1,1.0357912487033189e-06
187,517,L,H,2,2,1.0357912487033189e-06
83,413,G,S,2,1,1.0357912487033189e-06
42,372,A,E,2,1,1.0357912487033189e-06
194,524,V,A,2,2,1.0357912487033189e-06
90,420,D,H,2,2,1.0357912487033189e-06
37,367,V,G,2,2,1.0357912487033189e-06
2,332,I,V,2,2,1.0357912487033189e-06
4,334,N,D,2,2,1.0357912487033189e-06
4,334,N,T,2,1,1.0357912487033189e-06
8,338,F,I,2,2,1.0357912487033189e-06
9,339,G,F,2,2,1.0357912487033189e-06
17,347,F,L,2,1,1.0357912487033189e-06
18,348,A,G,2,2,1.0357912487033189e-06
19,349,S,F,2,2,1.0357912487033189e-06
198,528,K,I,2,2,1.0357912487033189e-06
23,353,W,S,2,2,1.0357912487033189e-06
27,357,R,T,2,2,1.0357912487033189e-06
34,364,D,G,2,2,1.0357912487033189e-06
34,364,D,N,2,1,1.0357912487033189e-06
35,365,Y,C,2,2,1.0357912487033189e-06
36,366,S,A,2,2,1.0357912487033189e-06
172,502,G,D,2,2,1.0357912487033189e-06
172,502,G,C,2,2,1.0357912487033189e-06
177,507,P,L,2,2,1.0357912487033189e-06
117,447,G,C,2,1,1.0357912487033189e-06
134,464,F,S,2,1,1.0357912487033189e-06
176,506,Q,R,2,2,1.0357912487033189e-06
136,466,R,K,2,1,1.0357912487033189e-06
130,460,N,H,2,2,1.0357912487033189e-06
126,456,F,V,2,2,1.0357912487033189e-06
125,455,L,W,2,1,1.0357912487033189e-06
123,453,Y,C,2,2,1.0357912487033189e-06
140,470,T,P,2,2,1.0357912487033189e-06
119,449,Y,V,2,1,1.0357912487033189e-06
179,509,R,I,2,1,1.0357912487033189e-06
146,476,G,C,2,2,1.0357912487033189e-06
133,463,P,H,2,2,1.0357912487033189e-06
181,511,V,A,2,1,1.0357912487033189e-06
110,440,N,I,2,2,1.0357912487033189e-06
95,425,L,V,2,1,1.0357912487033189e-06
99,429,F,L,2,2,1.0357912487033189e-06
103,433,V,L,2,2,1.0357912487033189e-06
106,436,W,Y,2,2,1.0357912487033189e-06
183,513,L,P,2,2,1.0357912487033189e-06
110,440,N,D,2,2,1.0357912487033189e-06
200,530,S,Y,1,1,5.178956243516594e-07
201,531,T,H,1,1,5.178956243516594e-07
174,504,G,Y,1,1,5.178956243516594e-07
199,529,K,M,1,1,5.178956243516594e-07
174,504,G,K,1,1,5.178956243516594e-07
174,504,G,H,1,1,5.178956243516594e-07
174,504,G,R,1,1,5.178956243516594e-07
172,502,G,V,1,1,5.178956243516594e-07
172,502,G,P,1,1,5.178956243516594e-07
172,502,G,Q,1,1,5.178956243516594e-07
175,505,Y,F,1,1,5.178956243516594e-07
172,502,G,T,1,1,5.178956243516594e-07
174,504,G,Q,1,1,5.178956243516594e-07
186,516,E,A,1,1,5.178956243516594e-07
175,505,Y,N,1,1,5.178956243516594e-07
176,506,Q,H,1,1,5.178956243516594e-07
183,513,L,V,1,1,5.178956243516594e-07
174,504,G,F,1,1,5.178956243516594e-07
182,512,V,L,1,1,5.178956243516594e-07
188,518,L,Q,1,1,5.178956243516594e-07
190,520,A,D,1,1,5.178956243516594e-07
173,503,V,E,1,1,5.178956243516594e-07
190,520,A,G,1,1,5.178956243516594e-07
191,521,P,A,1,1,5.178956243516594e-07
178,508,Y,N,1,1,5.178956243516594e-07
178,508,Y,D,1,1,5.178956243516594e-07
186,516,E,V,1,1,5.178956243516594e-07
196,526,G,V,1,1,5.178956243516594e-07
172,502,G,W,1,1,5.178956243516594e-07
197,527,P,A,1,1,5.178956243516594e-07
176,506,Q,K,1,1,5.178956243516594e-07
187,517,L,R,1,1,5.178956243516594e-07
1,331,N,D,1,1,5.178956243516594e-07
172,502,G,A,1,1,5.178956243516594e-07
48,378,K,Q,1,1,5.178956243516594e-07
53,383,S,P,1,1,5.178956243516594e-07
52,382,V,M,1,1,5.178956243516594e-07
51,381,G,E,1,1,5.178956243516594e-07
51,381,G,A,1,1,5.178956243516594e-07
49,379,C,Y,1,1,5.178956243516594e-07
49,379,C,R,1,1,5.178956243516594e-07
48,378,K,E,1,1,5.178956243516594e-07
55,385,T,A,1,1,5.178956243516594e-07
46,376,T,R,1,1,5.178956243516594e-07
45,375,S,C,1,1,5.178956243516594e-07
44,374,F,V,1,1,5.178956243516594e-07
44,374,F,A,1,1,5.178956243516594e-07
43,373,S,T,1,1,5.178956243516594e-07
42,372,A,L,1,1,5.178956243516594e-07
54,384,P,T,1,1,5.178956243516594e-07
55,385,T,S,1,1,5.178956243516594e-07
171,501,N,P,1,1,5.178956243516594e-07
69,399,S,T,1,1,5.178956243516594e-07
80,410,I,G,1,1,5.178956243516594e-07
79,409,Q,E,1,1,5.178956243516594e-07
76,406,E,G,1,1,5.178956243516594e-07
75,405,D,C,1,1,5.178956243516594e-07
74,404,G,D,1,1,5.178956243516594e-07
70,400,F,L,1,1,5.178956243516594e-07
69,399,S,P,1,1,5.178956243516594e-07
56,386,K,Q,1,1,5.178956243516594e-07
69,399,S,L,1,1,5.178956243516594e-07
65,395,V,I,1,1,5.178956243516594e-07
63,393,T,N,1,1,5.178956243516594e-07
62,392,F,C,1,1,5.178956243516594e-07
59,389,D,A,1,1,5.178956243516594e-07
58,388,N,I,1,1,5.178956243516594e-07
41,371,S,Y,1,1,5.178956243516594e-07
41,371,S,F,1,1,5.178956243516594e-07
40,370,N,Y,1,1,5.178956243516594e-07
10,340,E,I,1,1,5.178956243516594e-07
13,343,N,D,1,1,5.178956243516594e-07
12,342,F,Y,1,1,5.178956243516594e-07
12,342,F,V,1,1,5.178956243516594e-07
11,341,V,L,1,1,5.178956243516594e-07
11,341,V,G,1,1,5.178956243516594e-07
11,341,V,F,1,1,5.178956243516594e-07
9,339,G,L,1,1,5.178956243516594e-07
40,370,N,I,1,1,5.178956243516594e-07
3,333,T,S,1,1,5.178956243516594e-07
3,333,T,R,1,1,5.178956243516594e-07
2,332,I,A,1,1,5.178956243516594e-07
1,331,N,T,1,1,5.178956243516594e-07
1,331,N,K,1,1,5.178956243516594e-07
1,331,N,I,1,1,5.178956243516594e-07
14,344,A,P,1,1,5.178956243516594e-07
15,345,T,A,1,1,5.178956243516594e-07
15,345,T,I,1,1,5.178956243516594e-07
17,347,F,S,1,1,5.178956243516594e-07
17,347,F,V,1,1,5.178956243516594e-07
17,347,F,Y,1,1,5.178956243516594e-07
21,351,Y,C,1,1,5.178956243516594e-07
21,351,Y,N,1,1,5.178956243516594e-07
25,355,R,G,1,1,5.178956243516594e-07
27,357,R,S,1,1,5.178956243516594e-07
34,364,D,A,1,1,5.178956243516594e-07
35,365,Y,H,1,1,5.178956243516594e-07
35,365,Y,S,1,1,5.178956243516594e-07
38,368,L,P,1,1,5.178956243516594e-07
38,368,L,Q,1,1,5.178956243516594e-07
39,369,Y,F,1,1,5.178956243516594e-07
40,370,N,D,1,1,5.178956243516594e-07
81,411,A,F,1,1,5.178956243516594e-07
82,412,P,A,1,1,5.178956243516594e-07
82,412,P,T,1,1,5.178956243516594e-07
146,476,G,R,1,1,5.178956243516594e-07
155,485,G,C,1,1,5.178956243516594e-07
154,484,E,S,1,1,5.178956243516594e-07
152,482,G,F,1,1,5.178956243516594e-07
150,480,C,G,1,1,5.178956243516594e-07
148,478,K,N,1,1,5.178956243516594e-07
148,478,K,E,1,1,5.178956243516594e-07
144,474,Q,P,1,1,5.178956243516594e-07
133,463,P,A,1,1,5.178956243516594e-07
144,474,Q,L,1,1,5.178956243516594e-07
143,473,Y,C,1,1,5.178956243516594e-07
142,472,I,S,1,1,5.178956243516594e-07
138,468,I,M,1,1,5.178956243516594e-07
136,466,R,S,1,1,5.178956243516594e-07
135,465,E,K,1,1,5.178956243516594e-07
156,486,F,V,1,1,5.178956243516594e-07
156,486,F,Y,1,1,5.178956243516594e-07
157,487,N,K,1,1,5.178956243516594e-07
159,489,Y,S,1,1,5.178956243516594e-07
160,490,F,N,1,1,5.178956243516594e-07
161,491,P,T,1,1,5.178956243516594e-07
165,495,Y,M,1,1,5.178956243516594e-07
166,496,G,W,1,1,5.178956243516594e-07
167,497,F,L,1,1,5.178956243516594e-07
167,497,F,Y,1,1,5.178956243516594e-07
169,499,P,Q,1,1,5.178956243516594e-07
170,500,T,E,1,1,5.178956243516594e-07
170,500,T,G,1,1,5.178956243516594e-07
170,500,T,N,1,1,5.178956243516594e-07
170,500,T,P,1,1,5.178956243516594e-07
170,500,T,R,1,1,5.178956243516594e-07
171,501,N,L,1,1,5.178956243516594e-07
133,463,P,T,1,1,5.178956243516594e-07
132,462,K,N,1,1,5.178956243516594e-07
83,413,G,C,1,1,5.178956243516594e-07
96,426,P,L,1,1,5.178956243516594e-07
108,438,S,F,1,1,5.178956243516594e-07
107,437,N,I,1,1,5.178956243516594e-07
106,436,W,R,1,1,5.178956243516594e-07
103,433,V,A,1,1,5.178956243516594e-07
101,431,G,C,1,1,5.178956243516594e-07
98,428,D,H,1,1,5.178956243516594e-07
96,426,P,A,1,1,5.178956243516594e-07
131,461,L,V,1,1,5.178956243516594e-07
95,425,L,S,1,1,5.178956243516594e-07
94,424,K,R,1,1,5.178956243516594e-07
92,422,N,S,1,1,5.178956243516594e-07
90,420,D,V,1,1,5.178956243516594e-07
90,420,D,E,1,1,5.178956243516594e-07
89,419,A,P,1,1,5.178956243516594e-07
108,438,S,P,1,1,5.178956243516594e-07
108,438,S,Y,1,1,5.178956243516594e-07
109,439,N,D,1,1,5.178956243516594e-07
109,439,N,Y,1,1,5.178956243516594e-07
110,440,N,F,1,1,5.178956243516594e-07
112,442,D,V,1,1,5.178956243516594e-07
113,443,S,T,1,1,5.178956243516594e-07
116,446,G,F,1,1,5.178956243516594e-07
118,448,N,Y,1,1,5.178956243516594e-07
119,449,Y,F,1,1,5.178956243516594e-07
121,451,Y,F,1,1,5.178956243516594e-07
121,451,Y,N,1,1,5.178956243516594e-07
124,454,R,T,1,1,5.178956243516594e-07
126,456,F,S,1,1,5.178956243516594e-07
127,457,R,G,1,1,5.178956243516594e-07
131,461,L,F,1,1,5.178956243516594e-07
131,461,L,H,1,1,5.178956243516594e-07
201,531,T,V,1,1,5.178956243516594e-07
